Chr	pos	rs_ID	is_mean	is_max	is_5pct_mean	is_5pct_max	median_mean	REF	ALT	gene	conseq	ens_tr	ccr.exon_pct	ccr_exon_z	ccr_exon_frac	max_pLI	min_LOEUF	rescue	rescue_oe_mis	rescue_loeuf_min	pext_avg	rescue_conserved	predict_prob	LoF_confidence
1	874778	769497	1	1	1	1	3.4738	GCCTCCCCAGCCACGGTGAGGACCCACCCTGGCATGATCCCCCTCATCA	G	SAMD11	splice_donor_variant&non_coding_transcript_exon_variant&intron_variant	XR_241029.1	NA	NA	NA	NA	NA	NA	NA	NA	0.81618	NA	NA	NA
1	984430	541195	1	0	1	1	11.8007	TGCAGCTCAGGTGGGCGGGGAGGGGACGGGGCCGGGGCAGCTCAGGTGGGCGGGGAGGGGACGGGCGGGGGAGGGGGGGCCGGG	T	AGRN	splice_donor_variant&non_coding_transcript_exon_variant&intron_variant	ENST00000492947	74.0973617730929	2.03887483524583	0.885128095290449	NA	NA	NA	NA	NA	0.48112	NA	NA	NA
1	5935162	167375	1	1	1	1	2.55838	A	T	NPHP4	splice_acceptor_variant&NMD_transcript_variant	ENST00000378169	19.3687742305752	0.580476060904241	0.283488396324544	1.743e-29	0.983	True	1	1	0.37667	FALSE	0.126	HIGH
1	9304978	402919	1	1	1	1	17.1595	CCCCAGGCA	C	H6PD	splice_acceptor_variant&coding_sequence_variant&intron_variant	ENST00000602477	NA	NA	NA	NA	NA	NA	NA	NA	NA	NA	NA	NA
1	18808229	784933	1	1	1	1	0.373517	C	T	KLHDC7A	stop_gained	XM_005245739.1	30.1841136188737	1	1	4.9895e-19	1	True	1	1	1	TRUE	0.016	HIGH
1	27120626	297114	0	0	1	1	6.21385	C	T	PIGV	stop_gained	XM_005245940.1	18.7395472031222	0.548465654683467	0.447199837559969	0.00014654	1	True	0.79247	1	0.94881	TRUE	0.286	MEDIUM
1	35227093	783282	1	1	1	1	2.33928	C	T	GJB4	stop_gained	ENST00000339480	24.0052535330379	1	1	0.00055114	1	True	0.98922	1	1	TRUE	0.016	HIGH
1	35944752	773634	0	0	0	1	15.6859	C	T	KIAA0319L	stop_gained&NMD_transcript_variant	ENST00000470388	48.0084371115909	1.07481172712508	0.799096321243514	0	1	True	0.81312	0.437	0.67736	TRUE	0.202	HIGH
1	43215861	386781	0	0	0	1	5.43141	G	A	LEPRE1	stop_gained&NMD_transcript_variant	ENST00000431412	34.3898996758658	0.901721553579201	0.358985254379718	0	1	True	0.89764	1	0.33362	TRUE	0.76	LOW
1	43917098	783286	1	1	1	1	17.1156	C	G	HYI	splice_donor_variant&non_coding_transcript_variant	ENST00000372427	21.340865244487	0.722467009580442	0.400148117459353	2.3838e-10	1	True	0.83628	0.373	0.35524	TRUE	0.052	HIGH
1	55077401	767671	1	1	1	1	1.09923	C	T	FAM151A	stop_gained	ENST00000302250	32.2606757873577	1.14778848725379	0.794290158615909	4.8585e-11	1	True	0.92351	1	1	TRUE	0.01	HIGH
1	60456491	710873	1	1	1	1	0.331139	C	A	C1orf87	stop_gained	ENST00000371201	35.1182316241974	0.958293415307277	0.679007085146375	4.5402e-08	1	True	1	1	0.96191	TRUE	0.006	HIGH
1	145508146	167569	0	0	1	1	0.421952	C	A	RP11-315I20.1	splice_donor_variant&non_coding_transcript_variant	ENST00000412239	NA	NA	NA	0	1	True	0.43009	0.428	NA	TRUE	NA	NA
1	159923234	767714	1	1	1	1	0.0714016	C	T	SLAMF9	splice_donor_variant&non_coding_transcript_variant	ENST00000466773	41.6102143404855	1.20421909213166	1	0	1	True	0.95288	1	0.30598	TRUE	0.07	HIGH
1	161476204	402852	1	1	1	1	21.859	C	T	FCGR2A	stop_gained	ENST00000271450	32.4849902884884	0.974346285086556	0.458705900774913	2.1054e-06	1	True	1	1	0.76638	TRUE	0.08	HIGH
1	179883190	476292	1	1	1	1	18.5256	G	A	TOR1AIP1	splice_donor_variant	ENST00000271583	NA	NA	NA	5.7424e-08	0.798	True	0.87719	1	0.98637	FALSE	NA	NA
1	183212845	294027	0	0	0	1	4.42668	G	A	LAMC2	splice_donor_variant&non_coding_transcript_variant	ENST00000476255	NA	NA	NA	0	1	True	0.57328	0.254	NA	TRUE	NA	NA
1	196757530	771691	0	1	1	1	1.12058	T	C	CFHR3	splice_donor_variant	ENST00000367425	NA	NA	NA	4.763e-09	1	True	0.96553	1	0.65579	TRUE	NA	NA
1	197070816	136427	0	1	1	1	0.582016	A	C	ASPM	stop_gained	ENST00000367409	33.18562367139	0.96120030656356	0.597492785589137	3.3502e-49	0.743	True	0.96864	0.724	0.45422	TRUE	0.056	HIGH
1	209960922	295189	1	1	1	1	0.101189	A	C	RP3-434O14.8	splice_donor_variant&non_coding_transcript_variant	ENST00000430751	NA	NA	NA	0	1	True	0.52154	0.132	NA	TRUE	NA	NA
1	234745166	782235	1	1	1	1	36.8689	G	A	RP4-781K5.2	splice_acceptor_variant&non_coding_transcript_variant	ENST00000436039	61.1254781455201	1.24725020597698	1	0	1	True	0.85722	0.294	0.52583	TRUE	0.084	HIGH
2	16080772	695120	NA	NA	NA	NA	NA	C	T	MYCN	stop_gained	NM_001293231.1	NA	NA	NA	0	1	True	0.74592	0.412	NA	TRUE	NA	NA
2	18767621	726715	1	1	1	1	0.730734	G	A	NT5C1B	stop_gained	ENST00000304081	26.5121123221071	0.761935061501459	0.435213610866325	0.00086188	0.947	True	0.90864	0.995	0.027907	FALSE	0.244	HIGH
2	21232140	895430	1	1	1	1	4.54611	G	A	APOB	stop_gained	ENST00000233242	37.0854765851561	0.992612134836236	0.609854563711771	1.9234e-16	0.461	False	1	1	0.99985	FALSE	0.028	HIGH
2	27479255	723115	0	0	0	1	1.88152	G	T	SLC30A3	stop_gained&splice_region_variant	XM_005264547.1	20.5137003258881	0.477057213399076	0.326245436035529	0.5421	0.509	True	0.53207	0.383	0.61774	TRUE	0.472	MEDIUM
2	37000956	775061	0	0	1	1	3.16766	C	G	VIT	stop_gained	NM_001177969.1	32.7006311230714	1.4369951964017	0.783502988174276	5.2091e-25	1	True	1	1	0.59234	TRUE	0.274	MEDIUM
2	47222299	458792	0	0	1	1	6.33721	C	T	TTC7A	stop_gained&NMD_transcript_variant	ENST00000441914	31.9925868241111	1.19092640564304	0.709811857254799	0	1	True	1	1	0.41223	TRUE	0.086	HIGH
2	71739053	281140	0	0	1	1	12.6171	T	G	DYSF	splice_donor_variant	ENST00000258104	33.0233545042456	0.991880679965719	0.53598739984985	1.8194e-32	0.726	False	1	1	0.18822	FALSE	0.536	LOW
2	85571195	785967	1	1	1	1	25.8723	TCA	T	RETSAT	stop_gained&frameshift_variant	ENST00000295802	NA	NA	NA	NA	NA	NA	NA	NA	0.67675	NA	NA	NA
2	85921552	780828	1	1	1	1	10.3954	G	A	GNLY	stop_gained	NM_001302758.1	48.4439416619216	1.35030985024512	0.552600989845763	9.6899e-09	1	True	0.87873	1	0.53752	TRUE	0.126	HIGH
2	98737874	756020	0	0	1	1	0.346446	G	T	VWA3B	stop_gained&NMD_transcript_variant	ENST00000416277	23.118393069956	0.69181469858597	0.395569262206925	9.1275e-11	0.94	True	1	1	0.12998	FALSE	0.89	LOW
2	98779397	756021	0	0	1	1	0.346446	G	A	VWA3B	stop_gained&NMD_transcript_variant	ENST00000448638	19.900850055776	0.595530171205255	0.340515214445609	0	1	True	0.97239	0.94	0.12998	TRUE	0.794	LOW
2	98797509	791864	0	0	1	1	0.346446	C	T	VWA3B	stop_gained&NMD_transcript_variant	ENST00000416277	30.4570368707128	0.911422594069342	0.521137761067574	0	1	True	0.97239	0.94	0.12998	TRUE	0.66	LOW
2	98810932	711848	0	0	1	1	0.346446	C	T	VWA3B	stop_gained&NMD_transcript_variant	ENST00000433678	33.7672876695231	1.01048138901643	0.577778093388377	9.1275e-11	0.94	True	1	1	0.12998	FALSE	0.812	LOW
2	108863758	403503	1	1	1	1	0.147031	G	A	SULT1C3	stop_gained	NM_001008743.1	33.9922806107953	0.876873234412259	0.445753411679619	2.4056e-13	1	False	1	1	1	TRUE	0.022	HIGH
2	112614429	402367	1	1	1	1	4.50563	G	A	ANAPC1	stop_gained	ENST00000341068	NA	NA	NA	0.94532	0.305	True	0.90428	0.42	0.66029	FALSE	NA	NA
2	135965002	767826	1	0	1	1	0.560293	A	G	ZRANB3	splice_donor_variant	ENST00000264159	33.650890404105	0.801657033163176	0.371154953489012	4.2341e-21	0.947	False	1	1	0.65176	FALSE	0.264	MEDIUM
2	149806388	380834	NA	NA	NA	NA	NA	C	T	KIF5C	stop_gained	NM_004522.2_dupl6	87.1023216388077	1.2163642892578	0.902320185853513	0	1	True	0.30301	0.117	0.49178	TRUE	NA	NA
2	149854982	382903	NA	NA	NA	NA	NA	C	T	KIF5C	stop_gained	NM_004522.2_dupl6	83.1545496483211	1.16123454321874	0.861423981376501	0	1	True	0.49526	0.117	0.49178	TRUE	NA	NA
2	159477634	781684	1	1	1	1	13.2249	G	T	PKP4	splice_donor_variant	ENST00000389757	32.4121070839466	0.887333175179766	0.355647484324068	2.8842e-11	0.613	True	1	1	0.42909	FALSE	0.254	MEDIUM
2	163124596	541779	1	1	1	1	4.41735	C	T	IFIH1	splice_donor_variant	ENST00000263642	34.8261815526895	1.06473979718106	0.717191096522949	6.9819e-44	1	False	1	1	0.92839	TRUE	0.032	HIGH
2	168100489	731508	0	0	1	1	18.2383	C	T	XIRP2	stop_gained	ENST00000295237	30.3993901467842	0.999343809534982	0.72914926987872	3.6945e-46	0.908	True	1	1	0.26518	FALSE	0.42	MEDIUM
2	170387886	773846	0	1	1	1	5.83662	G	C	FASTKD1	stop_gained	NM_001281476.1	33.337532767413	0.938526023323713	0.681706284691767	2.3945e-28	1	True	1	1	0.34408	TRUE	0.066	HIGH
2	179398510	192196	1	1	1	1	16.7617	C	A	TTN	stop_gained	ENST00000342175	35.5630373950879	0.916275535313419	0.363902385104352	1.7912e-24	0.29	True	1	1	0.82618	FALSE	0.096	HIGH
2	179444286	691742	1	1	1	1	16.7617	A	G	TTN	splice_donor_variant	ENST00000342175	42.4640146580314	1.09407802629701	0.434517334486682	1.7912e-24	0.29	True	1	1	0.82618	FALSE	0.02	HIGH
2	196759808	727531	0	0	1	1	1.07399	A	AT	DNAH7	stop_gained&frameshift_variant	ENST00000312428	34.8225046434436	1.03745010269345	0.571778642515013	NA	NA	NA	NA	NA	0.16864	NA	NA	NA
2	209025758	709075	1	1	1	1	0.0235159	G	A	CRYGA	stop_gained	ENST00000304502	24.2302044508806	1.09940498538156	1	4.3304e-10	1	True	1	1	1	TRUE	0.016	HIGH
3	1320141	758226	1	1	1	1	0.324935	C	T	CNTN6	stop_gained	ENST00000350110	33.5699455715263	1.37413193992058	0.919720277161986	9.0232e-31	1	True	1	1	0.73537	TRUE	0.012	HIGH
3	9867484	777374	0	0	1	1	10.933	C	T	TTLL3	stop_gained&splice_region_variant&NMD_transcript_variant	ENST00000430390	22.5853884620743	0.750462896923439	0.241218473224468	0.000129	1	True	1	1	0.31919	TRUE	0.792	LOW
3	9974543	542537	0	1	1	1	6.5049	G	C	IL17RC	splice_donor_variant	ENST00000295981	31.4888966705526	0.857538435963879	0.344311541889094	2.3004e-14	0.867	True	0.87169	0.885	0.13301	FALSE	0.372	MEDIUM
3	48602832	728221	0	0	1	1	13.5137	GCTGTCCTCACCTTC	G	COL7A1	splice_donor_variant&coding_sequence_variant&intron_variant	ENST00000328333	NA	NA	NA	NA	NA	NA	NA	NA	NA	NA	NA	NA
3	49935503	727441	1	0	1	1	1.73476	T	A	MST1R	stop_gained	ENST00000296474	35.8900161454403	1.14458239967819	0.679396352951299	1.5743e-36	1	True	0.89104	1	0.5461	TRUE	0.212	HIGH
3	51977385	723089	0	0	0	0	6.95408	C	T	PARP3	stop_gained&NMD_transcript_variant	ENST00000471971	46.3838053750828	1.20869220319179	1	0	1	True	0.79765	0.439	0.69186	TRUE	0.2	HIGH
3	52432873	790132	1	1	1	1	3.04266	C	A	DNAH1	stop_gained&NMD_transcript_variant	ENST00000490713	20.54514035908	0.513527549143652	0.258288494735099	0	1	True	0.63788	0.277	0.15973	TRUE	0.25	HIGH
3	54958763	738018	1	1	1	1	0.0840558	G	A	LRTM1	stop_gained	ENST00000273286	31.2837953239544	1.17232432459556	1	1.1474e-12	1	True	0.78174	0.337	1	TRUE	0.016	HIGH
3	56591278	402505	1	0	1	1	2.14633	T	TGGGGTAAGCA	CCDC66	stop_gained&frameshift_variant&NMD_transcript_variant	ENST00000341455	3.9056941772	0.146280567721704	0.0762504694223011	NA	NA	NA	NA	NA	0.20061	NA	NA	NA
3	73437221	776473	1	1	1	1	9.7133	C	CT	PDZRN3	splice_acceptor_variant	ENST00000263666	58.0189908566238	1.92858954756715	0.755610931560524	NA	NA	NA	NA	NA	0.98293	NA	NA	NA
3	93754286	695128	0	0	0	1	1.28258	G	GT	ARL13B	splice_donor_variant&non_coding_transcript_variant	NR_033427.1	NA	NA	NA	NA	NA	NA	NA	NA	NA	NA	NA	NA
3	93754286	695159	0	0	0	1	1.28258	GT	G	ARL13B	splice_donor_variant&non_coding_transcript_variant	NR_033427.1	NA	NA	NA	NA	NA	NA	NA	NA	NA	NA	NA	NA
3	108127252	791943	1	1	1	1	0.257458	C	A	MYH15	splice_acceptor_variant&non_coding_transcript_variant	ENST00000478998	51.0006677826452	1.46350923857549	0.915184449432511	4.5499e-59	1	False	1	1	0.9765	TRUE	0.002	HIGH
3	113955726	780401	1	1	1	1	0.0883503	G	A	ZNF80	stop_gained&NMD_transcript_variant	ENST00000308095	30.846830396368	1	1	0	1	True	1	1	0.32434	TRUE	0.07	HIGH
3	128631781	343213	0	0	0	0	14.7166	T	G	ACAD9	splice_donor_variant&NMD_transcript_variant	ENST00000508971	NA	NA	NA	0	1	True	0.77498	0.814	NA	TRUE	NA	NA
3	130187662	912021	1	1	1	1	0.252238	G	T	COL6A5	stop_gained	ENST00000265379	41.8787633998799	1.29356717240138	0.507986118373427	1.0008e-08	0.916	True	1	1	0.90387	FALSE	0.708	LOW
3	136664970	775909	0	0	0	1	12.4097	G	C	NCK1	splice_acceptor_variant	ENST00000488930	31.6678489949438	0.704830946450097	0.59776930240777	0.0024232	1	True	0.74334	0.825	0.96836	TRUE	0.07	HIGH
3	186395328	74988	1	1	1	1	7.26181	C	T	HRG	stop_gained	ENST00000232003	32.0861857898016	1.04716586119529	0.646147951609858	5.8888e-14	1	True	1	1	0.99144	TRUE	0.008	HIGH
3	195509212	218756	NA	NA	NA	NA	NA	G	A	MUC4	stop_gained	XM_005269323.1	NA	NA	NA	0	1	True	0.89659	0.781	0.0051963	TRUE	NA	NA
4	651283	770898	0	0	1	1	1.00021	GGTGCGGCGGGGCAGGACGTCCAGGGGTCACCCAGGGGTCACGGCT	G	PDE6B	splice_donor_variant&intron_variant	ENST00000255622	19.4725241867413	0.690353381476645	0.243468240995996	NA	NA	NA	NA	NA	0.30933	NA	NA	NA
4	995868	92649	0	0	1	1	7.15001	C	T	IDUA	stop_gained	ENST00000453894	27.7311798063963	1.02465636248491	0.539777650755402	1.0138e-12	1	True	1	0.994	0.61138	TRUE	0.232	HIGH
4	3009536	773153	0	1	1	1	1.39198	C	T	GRK4	stop_gained	NM_001004056.1	18.3180639674239	0.646486211547428	0.33045544299243	4.0726e-13	1	True	1	1	0.16144	TRUE	0.504	LOW
4	15482360	126229	0	0	1	1	1.96271	C	T	CC2D2A	stop_gained	NM_020785.2	27.9874065287724	0.672258782495551	0.400440893308915	1.0643e-06	1	True	0.88817	0.764	0.43953	TRUE	0.464	MEDIUM
4	38776104	775957	1	1	1	1	0.751551	G	A	TLR10	stop_gained	ENST00000308973	33.827620687899	0.988545500320272	0.899037571897496	3.4787e-09	1	True	0.90855	1	0.99539	TRUE	0.008	HIGH
5	1216787	784049	0	0	1	1	1.30849	C	T	SLC6A19	stop_gained&NMD_transcript_variant	ENST00000515652	30.1827001690391	1.01159588466427	0.817198836540386	0	1	True	1	1	0.98575	TRUE	0.174	HIGH
5	7900572	904710	0	0	1	1	6.22635	T	C	MTRR	splice_donor_variant&non_coding_transcript_variant	ENST00000506115	NA	NA	NA	0	1	True	1	0.798	NA	TRUE	NA	NA
5	10280729	780516	1	1	1	1	13.4566	G	A	CMBL	stop_gained	ENST00000296658	40.5255979155227	1.17218270249878	0.862127524965057	0.00011148	1	True	1	1	0.89426	TRUE	0.088	HIGH
5	74962813	718612	0	1	1	1	0.389297	G	A	ANKDD1B	stop_gained	ENST00000601380	25.0410295686621	0.809772050859494	0.34428366586819	1.4401e-06	1	True	1	1	0.23221	TRUE	0.36	MEDIUM
5	96232568	769654	1	1	1	1	4.47012	G	GTAAGTCATATGTTGGGTAACGATAGACTGTTATTTAATCTAGAAAGTAACAGAATAATTGTGAATGTTTATAAATAGCTATATATTGTCAGTCAACCATA	ERAP2	splice_donor_variant&NMD_transcript_variant	ENST00000513084	45.6946702605077	1.34877899163712	0.770058820913036	NA	NA	NA	NA	NA	0.90739	NA	NA	NA
5	102537248	734806	NA	NA	NA	NA	NA	T	A	PPIP5K2	stop_gained	NM_001281471.1	25.668660217844	0.441482950540906	0.266995420066093	0	1	True	0.57784	0.784	0.71167	TRUE	NA	NA
5	121761178	350493	0	0	0	1	1.10952	C	T	SNCAIP	stop_gained&NMD_transcript_variant	ENST00000395466	27.6614467195714	0.726653882318731	0.473790641255779	0.06063	1	True	0.83038	0.486	0.39542	TRUE	0.506	LOW
5	121767699	350494	0	0	1	1	1.10952	C	T	SNCAIP	stop_gained&NMD_transcript_variant	ENST00000508017	58.3832695518319	1.53370248173906	1	0	1	True	0.81443	0.486	0.39913	TRUE	0.282	MEDIUM
5	126141389	788291	1	1	1	1	4.60402	G	GTAAC	LMNB1	splice_donor_variant&non_coding_transcript_variant	ENST00000460265	66.257888284328	1.27843457778337	1	NA	NA	NA	NA	NA	0.80675	NA	NA	NA
5	130500751	681716	0	0	1	1	123.207	A	C	HINT1	splice_donor_variant&NMD_transcript_variant	ENST00000504202	29.7271405286759	0.943834834729181	0.750352737334918	0.001941	1	True	0.79562	1	0	TRUE	0.5	MEDIUM
5	131976473	220457	1	1	1	1	7.26376	AATCTCTTGCACATGCTCTGGTTGAGTAAGT	A	RAD50	splice_donor_variant&coding_sequence_variant&intron_variant	ENST00000265335	36.2188217512331	0.960015400868345	0.573095842945064	NA	NA	NA	NA	NA	0.87007	NA	NA	NA
5	167835629	732367	0	0	0	1	4.24292	G	A	WWC1	splice_donor_variant&non_coding_transcript_variant	ENST00000517646	23.6844412908425	0.582280252410333	0.367274860897572	0	1	True	0.82923	0.433	0.45327	TRUE	0.502	LOW
5	176943914	782466	1	1	1	1	14.3455	T	TCCTA	DDX41	stop_gained&frameshift_variant	ENST00000330503	NA	NA	NA	NA	NA	NA	NA	NA	0.32959	NA	NA	NA
5	177034283	391733	0	0	1	1	11.9788	G	A	B4GALT7	splice_acceptor_variant&NMD_transcript_variant	ENST00000505433	29.4329546475128	1.08407233197907	0.756468548835171	0	1	True	0.7739	1	NA	TRUE	NA	NA
5	180041180	782101	1	1	1	1	5.64235	CTGGGGAGACAGAGGGAAGCTTGTCCCGTGGTGGA	C	FLT4	splice_acceptor_variant&intron_variant&non_coding_transcript_variant	ENST00000507059	80.9297792887297	1.75351915943495	0.971337509470716	NA	NA	NA	NA	NA	0.76278	NA	NA	NA
6	10410194	774641	0	0	1	1	2.22652	G	A	TFAP2A	stop_gained&NMD_transcript_variant	ENST00000488193	46.3697601157373	0.921678269348037	0.574140600932572	0	1	True	0.50037	0.17	0.67343	TRUE	0.11	HIGH
6	25653608	714310	1	1	1	1	4.11311	AG	A	SCGN	splice_acceptor_variant	ENST00000377961	14.0034443043043	0.36314693358268	0.201110273840773	NA	NA	NA	NA	NA	0.99899	NA	NA	NA
6	25799043	716025	1	1	1	1	0.196616	C	T	SLC17A1	stop_gained	ENST00000244527	35.2095359287939	0.902821128709442	0.56178381011072	1.1676e-11	1	True	1	1	0.99903	TRUE	0.094	HIGH
6	30115320	774645	1	1	1	1	0.102501	G	T	TRIM40	splice_donor_variant	ENST00000307859	NA	NA	NA	6.1659e-11	1	True	1	1	0.90835	TRUE	NA	NA
6	32006886	65608	0	0	0	0	15.6911	G	A	CYP21A2	splice_acceptor_variant&non_coding_transcript_variant	ENST00000464325	NA	NA	NA	0	1	True	0.62175	0.406	0.71504	TRUE	NA	NA
6	32485856	252598	1	1	1	1	46.7978	T	C	HLA-DRB5	splice_acceptor_variant	ENST00000374975	NA	NA	NA	3.6359e-07	1	False	1	1	1	TRUE	NA	NA
6	38738337	414428	1	0	1	1	0.149299	T	C	DNAH8	splice_donor_variant	ENST00000327475	57.3481170598014	1.42033073208894	0.793311810205935	9.0109e-53	0.659	False	1	1	0.99654	FALSE	0.3	MEDIUM
6	52103527	911491	1	1	1	1	0.0179019	C	T	IL17F	splice_donor_variant	ENST00000336123	31.0659903567727	1.1243103461212	1	0.039165	1	False	1	1	0.5	TRUE	0.084	HIGH
6	53152683	691282	0	0	0	0	39.384	G	A	ELOVL5	stop_gained	NM_001242828.1	22.3964997379375	0.443453818484819	0.32041077906993	0.93341	0.355	True	0.66261	0.256	0.000757	TRUE	0.906	LOW
6	99930627	770177	0	0	1	1	1.45623	A	G	USP45	splice_donor_variant	ENST00000327681	52.0441395413661	1.32647689868968	0.793872601708395	0.014632	1	True	0.85366	1	0.22238	TRUE	0.462	MEDIUM
6	116442507	907221	1	0	1	1	0.241703	G	A	COL10A1	stop_gained	ENST00000243222	26.7372846534982	0.980632164197854	0.800306693435905	2.9839e-05	0.945	True	0.90187	0.708	0.97968	TRUE	0.162	HIGH
6	116600895	791449	0	0	0	0	10.0376	G	A	DSE	splice_donor_variant&non_coding_transcript_variant	ENST00000607094	34.1899529550892	1	1	0	1	True	0.75089	0.377	1	TRUE	0.178	HIGH
6	158571611	139092	0	0	1	1	3.46373	A	T	SERAC1	stop_gained&NMD_transcript_variant	ENST00000607071	54.0882217088561	1.28660462529936	0.756860791786332	0	1	True	0.77799	0.626	0.8476	TRUE	0.092	HIGH
6	160560897	403448	0	1	1	1	4.04673	CTGGTAAGT	C	SLC22A1	splice_donor_variant&3_prime_UTR_variant&intron_variant&NMD_transcript_variant	ENST00000539263	23.6314380719252	0.783322894819998	0.41942534850366	NA	NA	NA	NA	NA	0.2236	NA	NA	NA
6	161006077	403043	1	1	1	1	0.195051	C	T	LPA	splice_donor_variant	ENST00000316300	16.6881778549748	0.612378919071091	0.359575760251455	6.5917e-89	1	False	1	1	1	TRUE	0.01	HIGH
7	286468	402845	1	1	1	1	24.582	G	GGACAGGTGAGCCCTTCCTTCCTCCCTCCATCCGC	FAM20C	stop_gained&frameshift_variant	ENST00000313766	44.3533272385869	1.21175001141193	0.530881627841595	NA	NA	NA	NA	NA	0.75097	NA	NA	NA
7	21582963	93681	0	0	1	1	0.644088	G	T	DNAH11	stop_gained	ENST00000328843	32.7579222529086	1.05244771738903	0.353223334410004	1.245e-57	0.67	True	1	1	0.30445	FALSE	0.556	LOW
7	21723452	257909	0	0	1	1	0.644088	G	A	DNAH11	stop_gained	ENST00000328843	30.2775180769	0.97275720182189	0.326477540614842	1.245e-57	0.67	False	1	1	0.30445	FALSE	0.546	LOW
7	63529269	787051	1	1	1	1	0.187352	C	T	ZNF727	stop_gained&splice_region_variant	NM_001159522.1	NA	NA	NA	0.0020573	1	True	1	1	1	TRUE	NA	NA
7	80293813	778324	1	1	1	1	38.4041	G	GGTAA	CD36	stop_gained&frameshift_variant&splice_region_variant	ENST00000309881	3.19485498755405	0.245976903738828	0.0968191609322952	NA	NA	NA	NA	NA	0.62728	NA	NA	NA
7	92764069	774190	1	1	1	1	4.12686	G	A	SAMD9L	stop_gained	ENST00000318238	43.331596617621	1.00095883542521	1	5.5651e-15	0.783	True	0.85578	1	0.98717	FALSE	0.03	HIGH
7	103062016	5289	1	1	1	1	0.0465047	T	C	SLC26A5	splice_acceptor_variant&NMD_transcript_variant	ENST00000423416	NA	NA	NA	0.17428	0.693	True	0.86934	0.725	NA	FALSE	NA	NA
7	107763575	709430	0	0	1	1	1.76034	C	T	LAMB4	splice_donor_variant	ENST00000205386	13.6189303377576	0.4029785966633	0.239673981415906	6.9912e-25	1	False	1	1	0.13932	TRUE	0.816	LOW
7	149983566	402338	1	1	1	1	1.09753	G	A	ACTR3C	stop_gained	ENST00000252071	NA	NA	NA	0.003084	1	False	1	1	0.99276	TRUE	NA	NA
7	150325378	776270	0	0	1	1	7.95931	T	C	GIMAP6	splice_acceptor_variant	ENST00000493969	30.0431956813215	0.976905782042529	0.511577645607313	0.13563	1	True	0.93512	1	0.88412	TRUE	0.254	MEDIUM
7	151668151	758261	0	1	1	1	0.342913	G	C	GALNTL5	splice_donor_variant	ENST00000392800	30.6632769679667	1.01158085985156	0.735661422205973	3.5947e-16	1	False	1	1	0.16004	TRUE	0.226	HIGH
7	151945071	403020	0	0	1	1	5.2822	G	GT	KMT2C	stop_gained&frameshift_variant	ENST00000262189	NA	NA	NA	NA	NA	NA	NA	NA	0.083972	NA	NA	NA
8	1812535	725580	0	0	1	1	8.2602	G	C	ARHGEF10	splice_acceptor_variant&non_coding_transcript_variant	ENST00000382795	17.9398130795455	0.741486981232876	0.396703790240289	8.7998e-11	0.929	False	1	1	0.24027	FALSE	0.616	LOW
8	11407666	910760	1	1	1	1	1.53195	A	G	BLK	splice_acceptor_variant	ENST00000259089	48.1938396101089	1.74701753863593	0.989908825996056	4.9352e-13	1	True	1	1	0.21782	TRUE	0.058	HIGH
8	19819724	795314	1	1	1	1	49.8698	C	A	LPL	stop_gained	ENST00000311322	34.0440852909412	1.01854149202791	0.573726642788029	1.2712e-09	1	False	1	1	0.99316	TRUE	0.034	HIGH
8	19819724	1534	1	1	1	1	49.8698	C	G	LPL	stop_gained	ENST00000311322	34.0440852909412	1.01854149202791	0.573726642788029	1.2712e-09	1	False	1	1	0.99316	TRUE	0.034	HIGH
8	24771318	709260	0	0	0	1	9.98278	G	A	NEFM	splice_donor_variant&non_coding_transcript_variant	ENST00000523467	37.2194809275028	0.935308277878858	0.696185146628123	0	1	True	1	0.514	0.31835	TRUE	0.098	HIGH
8	38091917	734414	0	0	0	1	7.49234	G	T	DDHD2	splice_acceptor_variant	ENST00000528358	32.3426460242678	0.80694002711184	0.504285022294072	1.703e-07	1	True	0.81968	0.769	0.49199	TRUE	0.316	MEDIUM
8	52469399	721492	0	0	1	1	0.731608	C	T	PXDNL	splice_donor_variant	ENST00000356297	58.9413319823099	1.73858809418442	0.655608475512191	2.2765e-34	1	False	1	1	0.53007	TRUE	0.092	HIGH
8	71646084	782855	1	1	1	1	0.277988	C	T	XKR9	stop_gained	ENST00000408926	23.7068297178798	0.936523596544113	0.722763930922412	4.0628e-09	1	True	1	1	0.87724	TRUE	0.048	HIGH
8	87163770	720814	1	1	1	1	0.241372	G	T	ATP6V0D2	splice_donor_variant	ENST00000285393	23.1400922145135	0.788183219535772	0.554654630671148	2.4683e-11	1	True	1	1	1	TRUE	0.086	HIGH
8	110464510	788298	0	0	1	1	4.19092	G	A	PKHD1L1	splice_donor_variant	ENST00000378402	38.2423806526026	0.95698678063662	0.456739362101048	1.3739e-109	1	False	1	1	0.12036	TRUE	0.82	LOW
8	143310853	716150	0	0	1	1	7.47563	G	A	TSNARE1	stop_gained	ENST00000307180	34.0241674380543	1.06921441550809	0.427332362116189	9.6275e-07	0.833	False	1	1	0.18479	FALSE	0.484	MEDIUM
9	33386400	402388	1	1	1	1	7.3522	A	G	AQP7	splice_donor_variant	ENST00000297988	NA	NA	NA	0.0035111	1	False	1	1	1	TRUE	NA	NA
9	34637329	465868	NA	NA	NA	NA	NA	C	T	SIGMAR1	splice_donor_variant&non_coding_transcript_variant	NR_104108.1	41.9095556544314	0.874416059479757	0.62051831713127	0	1	True	0.64248	0.592	0.85756	TRUE	NA	NA
9	34648088	25195	0	0	1	1	7.6544	G	A	GALT	splice_acceptor_variant&non_coding_transcript_variant	ENST00000473529	NA	NA	NA	0	1	True	0.78299	0.864	NA	TRUE	NA	NA
9	35810991	730582	1	1	1	1	1.51741	G	A	SPAG8	stop_gained	ENST00000340291	34.6693752608214	1.08875961447622	0.665424171538846	8.4467e-09	1	True	0.59659	0.495	0.060865	TRUE	0.114	HIGH
9	36882090	436163	0	0	0	0	0.703945	G	A	PAX5	stop_gained&NMD_transcript_variant	ENST00000377840	52.8230111432574	1.03579357098215	0.600836072265279	0	1	True	0.50675	0.165	0.98715	TRUE	0.07	HIGH
9	129456109	258630	0	0	0	1	0.346673	C	T	LMX1B	stop_gained	ENST00000355497	NA	NA	NA	0.92635	0.36	True	0.64561	0.285	0	TRUE	NA	NA
9	131009761	833564	NA	NA	NA	NA	NA	T	C	DNM1	splice_donor_variant	XM_005251770.1	81.4190046033153	1.13440027708004	0.841541810551026	0	1	True	0.33961	0.203	0.64627	TRUE	NA	NA
9	138589474	560884	1	1	1	1	1.68121	C	T	SOHLH1	splice_acceptor_variant	ENST00000298466	28.0030433846417	0.869768629386951	0.581190871759677	0.00226	0.813	True	0.71156	0.471	1	TRUE	0.034	HIGH
9	139635287	721340	1	1	1	1	3.27769	C	T	LCN10	splice_donor_variant&non_coding_transcript_variant	ENST00000406721	33.318467906757	0.91002824920505	0.47888992083937	0.00051215	1	True	0.92868	1	0.090706	TRUE	0.398	MEDIUM
10	12159755	208863	1	1	1	1	6.4531	G	C	DHTKD1	splice_donor_variant	ENST00000263035	17.0486019185732	0.53771209365772	0.327484983599931	2.7884e-30	1	True	0.95671	1	0.95284	TRUE	0.016	HIGH
10	21098828	696373	1	1	1	1	11.5544	CT	C	NEBL	splice_acceptor_variant	ENST00000377122	25.5665846274889	0.721186908789753	0.312307459755248	NA	NA	NA	NA	NA	0.61527	NA	NA	NA
10	70231546	729327	1	1	1	1	1.171	ACAGCTCCGCCGG	A	DNA2	splice_donor_variant&coding_sequence_variant	ENST00000358410	66.9436485128082	1.36602891630907	0.67832344154407	NA	NA	NA	NA	NA	0.94785	NA	NA	NA
10	73056469	788304	1	1	1	1	4.89143	GATATTCCAGCTGCATACCACTCTGGCAGAGGTGAGGGAAGTCGGGGCCAC	G	UNC5B	splice_donor_variant&coding_sequence_variant&intron_variant	ENST00000335350	33.3544321741339	1.01187714538839	0.530872470876398	NA	NA	NA	NA	NA	1	NA	NA	NA
10	82122705	784162	1	1	1	1	0.671635	A	G	DYDC2	splice_acceptor_variant	ENST00000256039	31.8894364359918	0.890976499638635	0.798056180608543	0.014758	1	False	1	1	1	TRUE	0.01	HIGH
10	89623859	492723	NA	NA	NA	NA	NA	GC	G	PTEN	splice_acceptor_variant&frameshift_variant	NM_001304717.2	NA	NA	NA	NA	NA	NA	NA	NA	NA	NA	NA	NA
10	124214355	299029	1	1	1	1	0.192845	C	T	ARMS2	stop_gained	NM_001099667.1	40.4836314506824	0.976915495014793	0.75316080300441	0.00051801	1	False	1	1	1	TRUE	0.066	HIGH
10	128153385	709837	0	0	1	1	0.581835	G	A	C10orf90	stop_gained	NM_001004298.2	30.8432570739621	1.14071432392365	0.607201591136411	9.8065e-11	1	True	0.91432	1	0.091754	TRUE	0.392	MEDIUM
11	615010	476072	0	0	1	1	4.198	GA	TT	IRF7	stop_gained&NMD_transcript_variant	ENST00000533190	37.8518568346441	1.19962998656243	0.66457862435956	1.3427e-05	1	True	1	0.345	0.27489	TRUE	0.178	HIGH
11	1782715	205334	0	0	0	0	310.335	G	A	CTSD	stop_gained	ENST00000438213	NA	NA	NA	0.026194	0.753	True	0.67217	0.749	0.0073483	TRUE	NA	NA
11	1951055	790456	1	1	1	1	67.4109	CCAAGTGAGTGTGGGGTCCTGGCAGGCCCGCTGCTGAGTGTGTTCTGGGGTGGGGGTGGT	C	TNNT3	splice_donor_variant&non_coding_transcript_exon_variant&intron_variant	ENST00000492075	4.6641336831875	0.108794747217546	0.0504882409053747	NA	NA	NA	NA	NA	0.82542	NA	NA	NA
11	7060977	235386	1	1	1	1	0.0456909	A	T	NLRP14	stop_gained	NM_176822.3	21.2738147468732	0.662243327398283	0.530512680638052	5.7416e-36	1	False	1	1	1	TRUE	0.086	HIGH
11	14902307	739173	0	0	1	1	4.44404	G	A	CYP2R1	stop_gained&NMD_transcript_variant	ENST00000530609	25.5510693281818	0.598267085764887	0.390393162228442	0	1	True	0.79506	1	0.16005	TRUE	0.688	LOW
11	60271173	776616	1	1	1	1	2.56945	G	T	MS4A12	splice_acceptor_variant	ENST00000016913	38.8867199387411	1.18237408084926	0.922678186911404	0.00010534	1	True	1	1	0.97146	TRUE	0.002	HIGH
11	61165741	126297	0	0	1	1	8.06762	G	C	TMEM216	splice_acceptor_variant	ENST00000398979	56.0353926486667	1.61811287764192	1	0.0019026	1	True	0.5502	0.13	0.75697	TRUE	0.198	HIGH
11	61490967	783596	0	0	1	1	2.39332	C	T	DAGLA	stop_gained&NMD_transcript_variant	ENST00000540717	62.9684793553246	1.13420025165219	0.760074337548629	0	1	True	0.57396	0.171	0.87082	TRUE	0.114	HIGH
11	62381863	879754	0	1	1	1	4.84426	C	T	ROM1	stop_gained	ENST00000278833	27.88048159175	1.06577318051159	1	0.00041221	1	True	0.64178	0.559	0.99478	TRUE	0.06	HIGH
11	62433981	726523	0	0	1	0	4.28203	C	T	METTL12	stop_gained	ENST00000532971	22.7902189932761	0.988199097244474	0.885024201503205	0.0019838	1	True	0.82812	1	0.052987	TRUE	0.54	LOW
11	65427240	732489	0	0	0	0	35.6072	G	A	RELA	stop_gained&NMD_transcript_variant	ENST00000527909	49.1473142946016	0.894941574072445	0.523462618170573	0	1	True	0.4347	0.181	0.8025	TRUE	0.176	HIGH
11	65486247	880428	0	0	1	1	13.6378	G	C	KAT5	splice_donor_variant	ENST00000533596	26.6042035694203	0.419604165713256	0.322582367737253	0.084261	1	True	0.35353	0.462	0.072338	TRUE	0.756	LOW
11	73714871	7578	0	0	1	1	5.64923	C	T	UCP3	splice_donor_variant	ENST00000314032	28.3173034946022	1.0561153494568	0.815035926135273	0.00094636	1	True	0.98098	1	0.20251	TRUE	0.48	MEDIUM
11	95615661	306546	0	0	1	1	4.27156	CTAAAA	C	MTMR2	splice_acceptor_variant&intron_variant&non_coding_transcript_variant	ENST00000470293	NA	NA	NA	NA	NA	NA	NA	NA	NA	NA	NA	NA
11	102076815	746169	0	0	1	1	16.7401	C	T	YAP1	stop_gained&splice_region_variant	ENST00000345877	33.0054450031555	0.608278472601504	0.392244465455353	0.99613	0.228	True	0.68471	0.141	0.48756	TRUE	0.452	MEDIUM
11	104761100	402491	1	1	1	1	0.511724	T	C	CASP12	splice_donor_variant&NMD_transcript_variant	ENST00000417998	27.828157310698	0.933762647824263	0.482171880881849	0.025984	1	False	1	1	1	TRUE	0.068	HIGH
11	104971507	768481	1	1	1	1	0.166484	C	G	CARD17	splice_acceptor_variant	ENST00000375707	NA	NA	NA	6.6679e-05	1	True	0.99662	0.928	1	TRUE	NA	NA
11	113266080	783648	1	1	1	1	0.619229	G	T	ANKK1	splice_acceptor_variant	ENST00000303941	41.3645994156122	0.901815265643866	0.733306674246631	7.4008e-12	1	False	1	1	0.92842	TRUE	0.044	HIGH
11	113270450	716427	1	1	1	1	0.619229	G	T	ANKK1	stop_gained	ENST00000303941	50.7856497888997	1.10720942308913	0.900321929192818	7.4008e-12	1	True	1	1	0.92842	TRUE	0.044	HIGH
11	113857347	768486	0	0	0	0	0.181655	C	T	HTR3A	stop_gained&NMD_transcript_variant	ENST00000510849	21.8151076588565	0.720400085178058	0.543055100698258	0	1	True	1	1	1	TRUE	0.152	HIGH
11	117251431	473078	0	0	1	1	5.03361	G	A	CEP164	splice_donor_variant&non_coding_transcript_variant	ENST00000533675	NA	NA	NA	0	1	True	0.96578	0.837	NA	TRUE	NA	NA
12	6979199	310363	0	0	0	0	362.067	G	A	TPI1	splice_acceptor_variant&non_coding_transcript_variant	ENST00000482209	NA	NA	NA	0	1	True	0.45429	0.316	NA	TRUE	NA	NA
12	7074876	725611	1	1	1	1	99.6105	CTG	C	PHB2	splice_acceptor_variant&intron_variant	ENST00000440277	23.589732336125	0.460742811370981	0.276641375896441	NA	NA	NA	NA	NA	0.031137	NA	NA	NA
12	7091021	777232	0	0	0	0	21.8981	G	A	LPCAT3	stop_gained&NMD_transcript_variant	ENST00000540090	63.5841574461183	1.12378944782165	0.954030816667044	0	1	True	0.57624	0.268	0.70422	TRUE	0.194	HIGH
12	8801082	669640	0	0	1	1	21.7759	C	A	MFAP5	splice_donor_variant&NMD_transcript_variant	ENST00000537009	NA	NA	NA	0	1	True	0.74516	0.785	NA	TRUE	NA	NA
12	9246175	18173	1	1	1	1	246.686	TCTATGGTGAGTGAGGAAGAAGACATTACAATAAACATACAGATAAAGCTTATGAGAGAATGTAATAGTTGCCACCAAAAAAAAAAAACAAAAAACAAATCGTCTGATGAAATAGAGAGGAAGGAGGAGAGGGCGCTTGGGTCATCAAGGAAAGCTTCTTTGAGGAGGAAATATGTTGGTTGACTTAACAAGCCAGGAGAGGCCGGGCGCGGTGGCTCATGCCTGTAATCCCAGCACTTTGAGAGGCCGAGGCCGAGACGGCGCCACTGCACTCCAGCCTGGGCGACCTGAGCGACAGAGTGAGACTTCGTCTCAAACAAACAAACAAACAAACAAACAACAAAAAAAAACAAGAATAAGCTAGGAGTGAGCTGGGGGAGGAGGGTCATAAGCAGAGGCTATAGAGACTTTGGCAGACAGAGGCTTGGATTGTCTGTGGGGCACAAGGACTCTGTGGAGTCCTATGTGGCTGCTGCCGCTGTGCTAAGTGGAGAGTGTTATGACACAAGGCCGTGAAGAGGGGCAGGAATCCAAGTTTCCATTGGTGTGCTCCTCTGCAGGAGCAAGGAAAAACTGACACACATGTTATGACAGTGGCTTTGAGAAACAGTTTACAGGAGGGAAAAGTTTAATAATAATAAAGACTTTTTATTCTCTATCGTGTCAGAAGATTACAGTTAGTTTCCTTCACTCTATTCACCTTCTATTAAGGGTGTGCTGGTCAATATTTCACAACCAGCTCTCTGGAAAAAAAAATTGTGCATATATATATATATATATATATATATATATATATACCTATACATGCATAAATTTACTATATATCTTACTGATAAAGGATTATACAATATAATTTATAAATAATAAAATATGCGGTAGGCTTCATAGTGAATTCCATAGAGCCAACTGATTCTCCTTAAATGCTTTCCTTGATTTTTGACCCTCTTTTCTCTGTACTCAACTTATCCTCAATCATGATTTGACAATATGGGACTATAAATAAATGCTTGATTACTATTCAGTTCATCAAAGAAGTAGCTCATGTCATTGATGAATGTGTGTGGTTCCAACATAAATATTGGCTGATGTTTTGGGGAAGTTGAACAGCTTTTTTACCTGACTGATGGAGAATGTAGTGTTGTTGTGTGAACATTTCTATTTCTGTTTACACTAATCCTACGCTTGGAAACTTTCTCTTTCCTTTCAGCCTAACACATGTACCTCCATTTACTAGAATTTGAGTTTATATTACTATATGACCTTGAGCAATAACCTTAATATGTATGACTCACATGTCCTTTTTGTTTGTTAATTTTTGTCACATTGTATCTTTTAAAAAATTTAAAATTTGGTGAATATATTAGGCAATATATATTTATTAATTTTTTGTTTAC	T	A2M	splice_acceptor_variant&splice_donor_variant&intron_variant	ENST00000318602	37.7505567400702	0.788200903440503	0.383128576314192	NA	NA	NA	NA	NA	0.63863	NA	NA	NA
12	9246176	402328	1	1	1	1	246.686	CTATGG	C	A2M	splice_acceptor_variant&intron_variant&NMD_transcript_variant	ENST00000546069	37.7505567400702	0.788200903440503	0.383128576314192	NA	NA	NA	NA	NA	0.63863	NA	NA	NA
12	9321534	790412	1	1	1	1	0.364645	G	A	PZP	stop_gained	NM_002864.2	53.506644369381	1.43178493002681	0.844726016089104	8.2693e-34	0.975	True	1	1	0.89968	FALSE	0.338	MEDIUM
12	10271087	4466	1	1	1	1	3.86918	A	C	CLEC7A	stop_gained&NMD_transcript_variant	ENST00000529761	23.3613654157597	0.575290033455356	0.283904023624621	3.6079e-07	1	True	0.92874	1	0.54656	TRUE	0.16	HIGH
12	52315612	309460	0	0	1	1	11.0445	G	C	ACVRL1	splice_donor_variant&non_coding_transcript_variant	ENST00000550084	NA	NA	NA	0	1	True	0.54403	0.692	NA	TRUE	NA	NA
12	52711747	309529	1	1	1	1	3.22549	C	A	KRT83	stop_gained	ENST00000293670	36.7791737214138	1.45325289652921	0.777963133086941	3.3665e-14	1	True	1	1	1	TRUE	0.006	HIGH
12	52714928	884068	1	1	1	1	3.22549	G	T	KRT83	stop_gained	ENST00000293670	15.1314874060914	0.59788939436925	0.320065356548633	3.3665e-14	1	False	1	1	1	TRUE	0.018	HIGH
12	52965240	729450	1	1	1	1	0.696879	T	C	KRT74	splice_acceptor_variant	ENST00000305620	33.4969837331158	1.21091535225886	0.400842592566447	2.1183e-14	1	True	1	1	0.99376	TRUE	0.014	HIGH
12	56236602	776900	1	1	1	1	6.99656	G	A	MMP19	stop_gained&NMD_transcript_variant	ENST00000548882	54.6371933567558	1.80838593098806	1	8.8301e-07	1	True	0.88036	1	0.24068	TRUE	0.06	HIGH
12	64061882	712121	1	0	1	1	5.3382	C	A	DPY19L2	stop_gained&NMD_transcript_variant	ENST00000306389	NA	NA	NA	1.0936e-13	0.906	True	0.89777	1	0.45821	FALSE	NA	NA
12	69743902	882899	1	1	1	1	203.508	A	T	LYZ	stop_gained	ENST00000261267	45.9128562617256	1.14288302211681	1	3.4114e-06	1	True	1	1	1	TRUE	0.016	HIGH
12	110252521	241389	0	0	0	1	0.958938	A	G	TRPV4	splice_donor_variant	ENST00000536838	36.6712461579377	0.861745537519661	0.628808099815615	3.0516e-16	1	True	0.75258	1	0.99302	TRUE	0.06	HIGH
12	133196474	731381	1	1	1	1	1.03848	C	A	P2RX2	stop_gained	ENST00000343948	40.9437200374789	1.38123990990258	0.489006227564368	0.00075708	1	True	0.91634	0.64	1	TRUE	0.034	HIGH
13	20426175	773691	1	1	1	1	3.5609	G	C	ZMYM5	stop_gained	NM_001039649.2	32.1452938663962	0.811097219971276	0.58428087982949	0.0066165	0.875	True	1	1	0.65624	FALSE	0.182	HIGH
13	25265101	784480	0	0	1	1	0.369715	G	A	ATP12A	splice_acceptor_variant	ENST00000218548	38.7547278996993	0.98477948947848	0.458915609826002	7.1254e-14	0.815	True	0.90406	0.767	0.01041	TRUE	0.906	LOW
13	111335482	421531	1	1	1	1	14.2918	CTG	C	CARS2	splice_acceptor_variant&intron_variant	ENST00000257347	42.401864717375	1.24171792236107	0.636175193343668	NA	NA	NA	NA	NA	0.35054	NA	NA	NA
14	36987227	8978	1	1	1	1	8.13985	T	A	NKX2-1	splice_acceptor_variant	ENST00000354822	58.1659178051283	1.04276798179566	0.970707121479144	0.97081	0.274	True	0.77503	0.965	0.97975	FALSE	0.002	HIGH
14	39784004	218553	1	1	1	1	4.17197	GTA	G	CTAGE5	splice_donor_variant&intron_variant	ENST00000280083	33.8575845131	0.87922372794893	0.447889899291566	NA	NA	NA	NA	NA	0.69849	NA	NA	NA
14	51378590	194627	1	1	1	1	16.2475	CT	C	PYGL	splice_acceptor_variant	ENST00000216392	44.015691062705	1.26835470471569	0.853474536840725	NA	NA	NA	NA	NA	0.83653	NA	NA	NA
14	57947421	252719	0	1	1	1	0.632809	G	A	C14orf105	stop_gained	NM_001283056.1	40.3292952017736	1.07217321034735	0.69864727057433	0.21853	0.843	True	0.89633	1	0.77825	FALSE	0.012	HIGH
14	64560092	130463	0	0	1	1	11.8998	G	A	SYNE2	stop_gained	NM_015180.4	36.3815754241832	0.980093825347452	0.559919764647089	4.9636e-17	0.364	True	0.88887	0.964	0.15466	FALSE	0.672	LOW
14	68053899	774936	0	0	1	1	6.26278	C	T	PLEKHH1	stop_gained&NMD_transcript_variant	ENST00000559168	34.0679365322314	0.689506644392891	0.37592015928262	4.6782e-09	0.537	True	0.70909	0.792	0.14398	FALSE	0.856	LOW
14	74416836	136986	0	1	1	1	5.48371	G	A	COQ6	stop_gained&NMD_transcript_variant	ENST00000554341	21.6494177883333	0.59204258197364	0.469978540110505	1.2146e-14	1	True	0.77286	1	0.8113	TRUE	0.168	HIGH
14	74763086	380498	0	0	1	1	9.2002	G	C	ABCD4	stop_gained&NMD_transcript_variant	ENST00000554453	29.5518119604224	0.86427460304013	0.348566200875515	0	1	True	0.95822	0.898	0.071727	TRUE	0.818	LOW
14	75483904	238249	0	0	1	1	4.28524	T	TCTATGGGAAGAAAGAATAACTTCAATTAGCAATATGA	MLH3	stop_gained&frameshift_variant&splice_region_variant	ENST00000238662	38.8295713568621	1.02058014742572	0.514318804813905	NA	NA	NA	NA	NA	0.37957	NA	NA	NA
14	88857722	143153	1	1	1	1	4.35083	AAGTC	A	SPATA7	splice_acceptor_variant&coding_sequence_variant	ENST00000045347	NA	NA	NA	NA	NA	NA	NA	NA	0.72591	NA	NA	NA
14	100384160	722400	0	0	1	1	8.11933	G	A	EML1	stop_gained&NMD_transcript_variant	ENST00000557313	56.084145910209	1.07032356670052	0.738360817323385	0	1	True	0.68286	0.262	0.86304	TRUE	0.09	HIGH
15	31294714	315498	1	1	1	1	0.200033	C	A	TRPM1	stop_gained	ENST00000256552	32.4564574994219	0.98831050637031	0.57712603843584	1.9302e-17	1	True	1	1	0.26007	TRUE	0.06	HIGH
15	43925134	402497	0	0	1	1	2.07841	T	A	CATSPER2	splice_acceptor_variant	ENST00000321596	NA	NA	NA	5.8613e-17	1	True	0.95082	0.914	0.0053003	TRUE	NA	NA
15	59910888	774914	1	1	1	1	1.73681	C	T	GCNT3	stop_gained	ENST00000396065	NA	NA	NA	0.0044311	1	True	1	1	0.93638	TRUE	NA	NA
15	62283295	726458	0	0	1	1	13.1661	T	C	VPS13C	splice_acceptor_variant	ENST00000249837	33.116314009766	0.872997509048543	0.491884228269967	1.7136e-47	0.676	False	1	1	0.16391	FALSE	0.852	LOW
15	69327737	785498	1	0	1	1	0.174013	G	A	NOX5	stop_gained	ENST00000260364	40.9984428173725	1.13401127227669	0.799222528950215	1.1025e-26	1	True	1	1	0.5647	TRUE	0.248	HIGH
15	75641682	790285	0	1	1	1	9.30121	T	C	NEIL1	splice_donor_variant	ENST00000355059	NA	NA	NA	0.056303	1	True	0.73431	1	0.077896	TRUE	NA	NA
15	77287744	317167	0	0	1	1	2.00498	A	T	PSTPIP1	splice_acceptor_variant&NMD_transcript_variant	ENST00000559785	25.9731840704171	0.564766894998822	0.271441692520122	0.047383	0.815	True	0.71566	0.73	0	TRUE	0.964	LOW
15	85360269	726266	1	1	1	1	9.66702	C	A	ALPK3	stop_gained	NM_020778.4	37.1779850952752	1.07608102926524	0.74378668814499	8.4158e-25	0.911	False	1	1	0.91679	FALSE	0.32	MEDIUM
15	93616946	709915	0	0	0	0	24.2852	A	G	RGMA	splice_donor_variant	ENST00000557301	11.6350307463243	0.28384095667437	0.192583990997882	0.16472	0.616	True	0.82242	0.66	0	FALSE	0.912	LOW
15	99671617	725640	0	0	1	1	41.5698	G	T	SYNM	stop_gained	ENST00000328642	33.9447972116583	1.01304167279171	0.441442024074393	2.7086e-19	1	True	0.98915	1	0.30753	TRUE	0.654	LOW
16	1825982	778106	1	1	1	1	6.74117	C	T	EME2	stop_gained&NMD_transcript_variant	ENST00000561903	8.16750197356085	0.498363869190514	0.234713117531602	5.8844e-23	1	True	0.85472	0.709	0.067893	TRUE	0.356	MEDIUM
16	1841461	803146	1	1	1	1	1.05616	G	A	IGFALS	stop_gained	ENST00000215539	24.5350296420089	1.08212859856439	0.627525190628444	5.4379e-11	1	True	0.85472	0.889	0.94457	TRUE	0.01	HIGH
16	8941848	885915	1	1	1	1	0.324459	C	G	RP11-152P23.2	splice_acceptor_variant&non_coding_transcript_variant	ENST00000567942	NA	NA	NA	0	1	True	1	1	NA	TRUE	NA	NA
16	20471508	208931	1	0	1	1	1.19573	C	G	ACSM2A	stop_gained	ENST00000219054	NA	NA	NA	0.0011921	1	True	1	1	0.7981	TRUE	NA	NA
16	31474091	782962	1	0	1	1	2.26945	A	G	ARMC5	splice_acceptor_variant	ENST00000412665	48.5386119191586	1.13830105956701	0.693693218918601	0.9803	0.302	True	0.80261	0.491	0.38988	FALSE	0.306	MEDIUM
16	47495300	530957	1	1	1	1	6.72206	G	A	PHKB	stop_gained	ENST00000299167	26.1139045672	0.706441730209413	0.416950378932424	1.7211e-21	0.834	True	0.68978	0.457	0.35337	TRUE	0.1	HIGH
16	48174765	773580	1	1	1	1	0.125735	C	A	ABCC12	stop_gained	ENST00000311303	26.9137780994678	0.880955299703944	0.514570285171796	1.6787e-29	1	True	0.94483	1	0.69921	TRUE	0.082	HIGH
16	71264561	402960	0	0	1	1	0.496456	A	G	HYDIN	splice_donor_variant	ENST00000288168	17.4608048179259	0.481533889278075	0.337551590096438	0.00026896	0.599	True	0.94434	0.504	0.00039263	TRUE	0.886	LOW
16	77756501	769905	1	1	1	1	3.7426	G	T	NUDT7	stop_gained	NM_001105663.2	34.8148467969412	1.21160850935837	1	0.40085	1	False	1	1	0.83413	TRUE	0.056	HIGH
16	84208335	163084	0	1	1	1	2.79419	G	T	DNAAF1	splice_donor_variant&non_coding_transcript_variant	ENST00000570298	NA	NA	NA	8.4672e-12	1	True	0.97431	0.932	NA	TRUE	NA	NA
16	84495318	789227	1	1	1	1	2.86073	A	C	ATP2C2	splice_acceptor_variant	ENST00000262429	6.475784287	0.372551730716414	0.113627443449652	5.0246e-60	1	True	1	1	0.29776	TRUE	0.166	HIGH
17	3419764	890513	0	0	1	1	2.26618	G	A	TRPV3	stop_gained	ENST00000301365	41.6605454655089	1.20557899119093	0.51283747140232	4.6013e-20	1	True	0.95041	0.77	0.017052	TRUE	0.832	LOW
17	3422077	322760	0	0	0	1	2.26618	G	A	TRPV3	stop_gained&NMD_transcript_variant	ENST00000577016	42.9235893091642	1.24212913967913	0.528385424599109	0	1	True	0.95041	0.77	0.017052	TRUE	0.734	LOW
17	3445814	892347	0	0	1	1	2.26618	A	G	TRPV3	splice_donor_variant	ENST00000301365	33.5288250233636	0.970262069202847	0.412736742928831	4.6013e-20	1	False	1	1	0.017052	TRUE	0.948	LOW
17	4442931	715079	1	1	1	1	9.78765	G	A	MYBBP1A	stop_gained	ENST00000381556	14.2554294924881	0.690852822342659	0.378215108990499	3.5249e-39	1	True	1	0.8	0.36644	TRUE	0.082	HIGH
17	6544421	774345	0	0	1	1	25.1028	G	A	TXNDC17	splice_donor_variant&non_coding_transcript_variant	ENST00000576020	21.0454390685362	0.557626169282056	0.441819371467866	0	1	True	0.41821	1	0.43797	TRUE	0.464	MEDIUM
17	10309711	720534	1	1	1	1	0.41184	G	GT	MYH8	stop_gained&frameshift_variant	ENST00000403437	37.1875804883984	1.02384391129876	0.495247662999988	NA	NA	NA	NA	NA	1	NA	NA	NA
17	14005439	137003	0	0	0	0	6.06851	G	A	COX10	stop_gained&NMD_transcript_variant	ENST00000580561	23.45933030675	0.717074367226857	0.386947902431168	0	1	True	0.93525	0.611	0.84467	TRUE	0.334	MEDIUM
17	18004862	714857	0	0	0	1	14.3419	C	T	DRG2	stop_gained&NMD_transcript_variant	ENST00000580055	35.5096859209789	0.871482915313586	0.372411994269505	0	1	True	0.61464	0.874	0.6683	TRUE	0.354	MEDIUM
17	19578873	322219	0	0	1	1	14.9512	A	T	ALDH3A2	splice_acceptor_variant&NMD_transcript_variant	ENST00000582991	34.3529857250909	0.853497190289587	0.495427624712719	0.23123	0.808	True	0.92693	1	0.45226	FALSE	0.308	MEDIUM
17	29508805	41676	1	1	1	1	3.23904	T	G	NF1	splice_donor_variant	ENST00000356175	71.2159794376267	1.13481340798679	0.730032868883524	0.96519	0.285	False	1	1	0.76077	FALSE	0.098	HIGH
17	33269927	778127	1	1	1	1	2.45919	T	C	CCT6B	splice_acceptor_variant	ENST00000314144	41.4734790823273	1.17805578778704	0.771183762399735	8.6645e-06	1	True	1	1	0.67108	TRUE	0.062	HIGH
17	33880197	732258	1	1	1	1	0.0752905	G	A	SLFN14	stop_gained	ENST00000415846	34.9653786005266	1.02076386890576	0.664268282333078	3.5128e-09	0.918	True	1	1	1	FALSE	0.018	HIGH
17	33903201	92775	1	1	1	1	3.45856	CTG	C	PEX12	splice_acceptor_variant&intron_variant	ENST00000225873	35.2111343412977	0.937094166810931	0.864907971174129	NA	NA	NA	NA	NA	0.98923	NA	NA	NA
17	34171710	717960	0	0	0	1	50.9481	CGGCTATGGAGGAGACCGAGGAGGT	C	TAF15	splice_donor_variant&coding_sequence_variant	ENST00000585577	NA	NA	NA	NA	NA	NA	NA	NA	0.70775	NA	NA	NA
17	37034365	728929	0	0	0	0	35.2115	C	T	LASP1	stop_gained	NM_001271608.1	NA	NA	NA	0.9285	0.37	True	0.54423	0.278	0.96532	TRUE	NA	NA
17	40270029	775163	1	1	1	1	42.9384	ACTGAAGCTGAGGAGAGAGAGAGACGTCAGGGATGGGGGG	A	KAT2A	splice_acceptor_variant&3_prime_UTR_variant&intron_variant&NMD_transcript_variant	ENST00000465682	28.6339123791454	0.465881913771721	0.341374800490435	NA	NA	NA	NA	NA	0.19959	NA	NA	NA
17	41247941	37686	0	0	1	1	1.30109	T	G	BRCA1	splice_acceptor_variant	ENST00000346315	60.3147993878816	1.62032705824832	0.945588553764374	2.3281e-08	0.915	True	0.77421	0.964	0.098082	FALSE	0.848	LOW
17	47246247	787460	1	1	1	1	0.226805	C	T	B4GALNT2	stop_gained	ENST00000300404	31.6352222986575	0.851359934630426	0.516704321185395	8.7817e-17	1	True	1	1	1	TRUE	0.034	HIGH
17	56272501	777716	1	1	1	1	0.254727	C	A	EPX	stop_gained	ENST00000225371	20.2656253378835	0.676890825032506	0.532023703836736	2.2664e-20	1	False	1	1	1	TRUE	0.086	HIGH
17	60469326	787599	1	1	1	1	0.106232	C	T	EFCAB3	stop_gained&splice_region_variant	ENST00000305286	38.6839469463357	0.973449107041501	0.404058736559893	0.00075433	1	False	1	1	1	TRUE	0.016	HIGH
17	60472551	789844	1	1	1	1	0.106232	T	C	EFCAB3	splice_donor_variant	ENST00000305286	38.4203338891583	0.966815505370251	0.401305264713509	0.00075433	1	True	0.8545	1	1	TRUE	0.014	HIGH
17	66872845	769926	1	1	1	1	14.3813	C	G	ABCA8	splice_acceptor_variant	ENST00000269080	19.5324037184133	0.544285823674646	0.268167077369228	1.609e-52	1	True	1	1	0.54768	TRUE	0.178	HIGH
17	75483633	325553	0	0	0	0	46.6139	C	T	SEPT9	stop_gained&splice_region_variant&NMD_transcript_variant	ENST00000588575	58.5564567147422	1.41077576277968	0.596611028793732	0.99882	0.198	True	0.60582	0.762	0.86877	FALSE	0.102	HIGH
17	78164674	458083	0	0	1	1	1.39494	C	T	CARD14	stop_gained&NMD_transcript_variant	ENST00000575500	37.928671457544	1.05865736785008	0.494799024266867	0	1	True	0.89973	0.992	0.60486	TRUE	0.348	MEDIUM
17	78165202	458084	0	0	1	1	1.39494	C	T	CARD14	stop_gained&NMD_transcript_variant	ENST00000575500	32.0255105724295	0.893889541177688	0.417789254775876	0	1	True	0.89973	0.992	0.60486	TRUE	0.398	MEDIUM
17	78325483	716234	0	0	1	1	15.5012	A	G	RNF213	splice_acceptor_variant	ENST00000336301	47.1255271730424	1.28810426268624	0.764973405401802	3.8364e-38	0.654	True	1	1	0.13022	FALSE	0.7	LOW
17	80544054	722678	1	1	1	1	12.3319	TGGAGACCACAGGGAAGTCAAAGGTAGGCGGAGGGGAAAGGAGGAGAGGGGAGACCACAGGGAGGTGAAAGGTGGGCCGGGGGGGGAAAGGAGGAGAGG	T	FOXK2	splice_donor_variant&coding_sequence_variant&intron_variant	ENST00000335255	15.8723023341351	0.402864006820365	0.181087834015153	NA	NA	NA	NA	NA	0.81016	NA	NA	NA
18	28934274	773598	0	0	1	1	0.387866	C	T	RP11-534N16.1	splice_donor_variant&non_coding_transcript_variant	ENST00000578477	27.2095607769942	0.747835439962034	0.498747293371539	0	1	True	1	0.331	1	TRUE	0.202	HIGH
19	1531736	720592	1	1	1	1	1.52143	G	A	PLK5	splice_acceptor_variant	ENST00000334770	33.9566643886161	1.59261473232056	1	9.1971e-05	1	True	1	1	0.99191	TRUE	0.018	HIGH
19	1627422	810990	0	0	1	1	5.56322	T	C	TCF3	splice_acceptor_variant	ENST00000453954	13.0087028260645	0.361822695702957	0.194161645135457	0.0011311	0.617	True	1	0.498	0.5244	TRUE	0.5	MEDIUM
19	1795984	708843	0	0	1	1	0.876085	G	A	ATP8B3	stop_gained&splice_region_variant	ENST00000310127	30.5257053465536	0.849859192534308	0.505628104502652	1.4666e-26	1	True	0.91316	1	0.09307	TRUE	0.702	LOW
19	3789321	768956	0	0	1	1	2.68833	G	A	MATK	stop_gained	NM_002378.3	32.4660782048919	0.73099136285534	0.365026099981947	0.099796	0.765	True	0.69869	0.723	0.029132	TRUE	0.922	LOW
19	6494746	330253	1	1	1	1	10.5409	G	A	CTD-2396E7.10	splice_acceptor_variant&non_coding_transcript_variant	ENST00000596027	NA	NA	NA	0	1	True	0.21727	0.533	NA	TRUE	NA	NA
19	11230809	237868	0	0	0	0	14.5797	C	T	LDLR	stop_gained&NMD_transcript_variant	ENST00000559340	34.562060625061	1.132147164857	0.667618470519404	0	1	True	0.95064	1	0.58651	TRUE	0.132	HIGH
19	17337802	717086	1	0	1	1	3.59952	G	A	OCEL1	splice_acceptor_variant	ENST00000215061	31.6479883721872	1.1394921459917	0.723274988406013	0.061961	1	True	0.61503	0.638	0.48902	TRUE	0.138	HIGH
19	17337802	777294	1	0	1	1	3.59952	G	C	OCEL1	splice_acceptor_variant	ENST00000215061	31.6479883721872	1.1394921459917	0.723274988406013	0.061961	1	True	0.61503	0.638	0.48902	TRUE	0.138	HIGH
19	18197744	402972	0	0	1	1	0.746831	T	A	IL12RB1	splice_acceptor_variant	NM_001290024.1	NA	NA	NA	0.039345	0.91	True	0.9662	0.91	NA	TRUE	NA	NA
19	38897548	734946	1	1	1	1	10.9183	A	C	FAM98C	splice_acceptor_variant	ENST00000252530	18.9219893288061	0.635122253534452	0.357674796379647	0.00014823	1	True	0.70295	0.459	0.69899	TRUE	0.054	HIGH
19	39915876	771776	0	0	1	1	5.00166	A	G	PLEKHG2	splice_acceptor_variant	ENST00000378550	31.9666821664183	0.808112162188595	0.412786245499737	0.09773	0.589	True	0.92033	0.586	0.5849	TRUE	0.43	MEDIUM
19	41211076	516934	0	0	0	1	6.9903	G	T	ADCK4	stop_gained&NMD_transcript_variant	ENST00000599643	39.5244195754941	1.08699672148686	0.702319108349907	2.498e-05	1	True	0.82556	1	0.63887	TRUE	0.15	HIGH
19	42730140	130835	1	1	1	1	2.83287	C	T	ZNF526	stop_gained	ENST00000301215	NA	NA	NA	0.52316	0.471	True	0.42118	0.128	0.9991	TRUE	NA	NA
19	44056400	708626	0	0	0	1	12.1927	G	A	XRCC1	stop_gained&NMD_transcript_variant	ENST00000597811	20.447986698275	0.556195500519188	0.223246541780166	0	1	True	0.78587	0.498	0.83723	TRUE	0.35	MEDIUM
19	44273982	790207	1	1	1	1	4.59426	C	CT	KCNN4	splice_acceptor_variant	ENST00000262888	NA	NA	NA	NA	NA	NA	NA	NA	0.64289	NA	NA	NA
19	46271371	594586	0	0	1	1	7.64575	C	T	SIX5	splice_acceptor_variant	ENST00000560168	56.8987018801571	1.5813135661609	1	0.60895	0.994	True	0.78726	0.395	0.84284	TRUE	0.196	HIGH
19	46273462	810823	NA	NA	NA	NA	NA	CCAGCAGCAGCAGCAGCAGCAGCAGCAGCAGCAGCAGCAGCAGCAGCAGCAGCAGCAG	C	DMPK	splice_acceptor_variant&non_coding_transcript_exon_variant&intron_variant	XR_243908.1	NA	NA	NA	NA	NA	NA	NA	NA	NA	NA	NA	NA
19	48198619	402903	1	1	1	1	4.28202	CAGG	C	GLTSCR1	splice_acceptor_variant&coding_sequence_variant	ENST00000396720	NA	NA	NA	NA	NA	NA	NA	NA	0.4923	NA	NA	NA
19	49207095	715544	1	1	1	1	1.87118	G	A	FUT2	stop_gained	ENST00000425340	22.9972346471342	1	1	3.0526e-13	1	True	1	1	0.64833	TRUE	0.068	HIGH
19	49513299	781514	0	0	1	1	19.7203	C	T	RUVBL2	stop_gained&NMD_transcript_variant	ENST00000221413	33.4825439233118	0.673915965693163	0.44865994538641	0	1	True	0.5245	0.111	0.17165	TRUE	0.62	LOW
19	51359565	778603	0	0	0	0	41.8196	A	T	KLK3	splice_acceptor_variant	ENST00000601503	35.5583635342102	1.14117327984279	0.822880760576394	0.0015781	1	True	1	1	0.40322	TRUE	0.314	MEDIUM
19	53116933	769463	0	0	1	1	23.3687	GCCACACTCATTACATTTGTAAGGTTTCTCTCCAGTGTGGATTCTCTGATGTTGTGCAAGGTGTGAAATATGATGGAAGACCTTT	G	ZNF83	splice_donor_variant&coding_sequence_variant&intron_variant	ENST00000391789	NA	NA	NA	NA	NA	NA	NA	NA	0.57477	NA	NA	NA
20	3562780	722236	1	1	1	1	6.83995	A	C	ATRN	splice_acceptor_variant	ENST00000262919	64.2428877079498	1.24363410943276	0.680108514659023	1	0.185	False	1	1	1	FALSE	0.018	HIGH
20	17970618	708005	0	0	1	1	5.35884	G	A	MGME1	stop_gained	ENST00000377704	21.4345324369527	0.746775134350152	0.560952135311144	0.00058081	1	True	1	0.84	0.86843	TRUE	0.134	HIGH
20	25281333	337987	0	0	0	0	32.1223	G	A	ABHD12	splice_donor_variant&NMD_transcript_variant	ENST00000465694	NA	NA	NA	0	1	True	0.94138	0.763	NA	TRUE	NA	NA
20	35521264	338337	1	1	1	1	5.18673	G	T	TLDC2	splice_acceptor_variant	ENST00000436941	85.395005013	3.10853593720352	1	0.43968	0.826	True	0.76666	0.903	0.95683	FALSE	0.034	HIGH
20	61588315	709518	1	0	1	1	2.80604	G	T	SLC17A9	splice_donor_variant	ENST00000370349	28.636334050134	0.747317918010964	0.421910603696606	1.0528e-07	1	True	1	1	0.21159	TRUE	0.396	MEDIUM
20	61588316	709519	1	0	1	1	2.80604	T	C	SLC17A9	splice_donor_variant	ENST00000370349	28.636334050134	0.747317918010964	0.421910603696606	1.0528e-07	1	True	1	1	0.21159	TRUE	0.396	MEDIUM
20	62044935	21766	1	0	1	1	1.74899	C	A	KCNQ2	splice_acceptor_variant	ENST00000344462	77.8984035307939	1.26304159251404	0.788176193293178	0.99999	0.155	False	1	1	0.27994	FALSE	0.336	MEDIUM
20	62065161	21758	1	0	1	1	1.74899	C	T	KCNQ2	splice_donor_variant	ENST00000344462	65.8435706171064	1.06758501483494	0.666205371221843	0.99999	0.155	True	0.29531	0.403	0.69821	FALSE	0.32	MEDIUM
20	62309611	734142	0	0	1	1	4.95661	C	T	RTEL1-TNFRSF6B	stop_gained&NMD_transcript_variant	ENST00000492259	NA	NA	NA	0	1	True	0.88949	0.518	NA	TRUE	NA	NA
21	44483171	166800	1	1	1	1	8.4097	G	GGGTTCCACCTCGTAGGTTGTCTGCTCCGTCTGGTTCAGCTCCTCCGGCTCTGCGAGGATGGACCCTTC	CBS	stop_gained&frameshift_variant	ENST00000352178	27.97253835608	0.773685845961986	0.3516140278294	NA	NA	NA	NA	NA	0.61771	NA	NA	NA
21	44483172	212823	1	1	1	1	8.4097	G	GGATCCACCCCAATGATCTGCAGAGGGCGCGGCTTCAGGGCTCAAGCCCAGCAAAAGCCCCACCTGGAT	CBS	stop_gained&frameshift_variant	ENST00000352178	27.97253835608	0.773685845961986	0.3516140278294	NA	NA	NA	NA	NA	0.61771	NA	NA	NA
21	44483184	236938	1	1	1	1	8.4097	A	ATGATCTGCAGAGGGCGCGGCTTCAGGGCTCAAGCCCAGCAAAAGCCCCACCTGGGTGATCCACCCCAG	CBS	stop_gained&frameshift_variant	ENST00000352178	27.97253835608	0.773685845961986	0.3516140278294	NA	NA	NA	NA	NA	0.61771	NA	NA	NA
21	45826543	737864	0	0	1	1	1.78174	C	T	TRPM2	stop_gained	ENST00000300481	19.4952719966784	0.606262593923181	0.303561233993605	2.6558e-43	1	True	1	1	0.13143	TRUE	0.83	LOW
21	46328099	803634	0	0	1	1	12.4633	T	C	ITGB2	splice_acceptor_variant&non_coding_transcript_variant	ENST00000479849	45.0084998562727	1.19252195262629	0.725824409863771	0.0042983	1	True	0.88985	0.954	0.0022172	TRUE	0.5	MEDIUM
21	47754472	811613	0	0	1	1	7.68275	T	TTGGGATGTTCACAGTCAGTGACCACCCACCAGAACAGCA	PCNT	stop_gained&inframe_insertion	ENST00000359568	21.1156939438595	0.685173351934777	0.297006624010249	NA	NA	NA	NA	NA	0.27857	NA	NA	NA
22	18912677	459918	1	1	1	1	11.378	C	T	PRODH	stop_gained	ENST00000334029	18.2203482099866	0.951878727014671	0.788844252194372	0.00047182	1	True	1	1	0.46603	TRUE	0.112	HIGH
22	24108394	473425	1	1	1	1	144.479	C	T	CHCHD10	stop_gained	ENST00000520222	61.9608272932361	1.15446863532433	0.962605863156368	0.0031772	1	True	0.71392	1	0.8891	TRUE	0.028	HIGH
22	24108412	379953	0	0	1	1	144.479	G	A	CHCHD10	stop_gained&NMD_transcript_variant	ENST00000517886	61.9608272932361	1.15446863532433	0.962605863156368	0	1	True	0.71392	1	0.8891	TRUE	0.24	HIGH
22	27019197	217347	1	0	1	1	0.0595054	G	C	CRYBA4	splice_acceptor_variant	ENST00000354760	27.4673196777119	0.965561880410807	0.545169977653312	3.4999e-09	1	True	1	1	0.11446	TRUE	0.284	MEDIUM
22	37465385	262724	1	1	1	1	1.13204	CTGGGG	C	TMPRSS6	splice_acceptor_variant&intron_variant	ENST00000346753	37.1327750871661	1.03930580549794	0.447911953764745	NA	NA	NA	NA	NA	0.98458	NA	NA	NA
22	46759084	777752	0	0	1	1	4.13065	CCTGATGGTTCAAATTGAAGTTTCATTA	C	CELSR1	splice_acceptor_variant&intron_variant	ENST00000262738	7.756764603	0.2197338622151	0.139854372665924	NA	NA	NA	NA	NA	0.39996	NA	NA	NA
22	47022814	731480	0	0	0	0	9.93095	G	T	GRAMD4	splice_donor_variant&non_coding_transcript_variant	ENST00000490378	25.1512301838633	0.515920579118644	0.292964508240824	0	1	True	0.63638	0.162	0.76376	TRUE	0.336	MEDIUM
22	50315936	770820	0	0	1	1	23.5692	CCTCAGCAGTCAGGACCGGCCTCTCCGATTCTTACCCG	C	CRELD2	splice_acceptor_variant&coding_sequence_variant&intron_variant	ENST00000404488	NA	NA	NA	NA	NA	NA	NA	NA	NA	NA	NA	NA
X	41383289	29938	1	0	1	1	2.57943	T	A	CASK	splice_acceptor_variant	ENST00000318588	NA	NA	NA	1	0.072	True	1	1	0.84597	FALSE	NA	NA
X	71788730	705138	0	0	0	0	4.44092	C	T	HDAC8	splice_acceptor_variant&NMD_transcript_variant	ENST00000444609	NA	NA	NA	0	1	True	0.21938	0.233	0.88458	TRUE	NA	NA
X	101092588	721704	1	1	1	1	0.0238641	G	A	NXF5	stop_gained&NMD_transcript_variant	ENST00000263032	NA	NA	NA	3.7443e-14	1	True	1	1	0.074074	TRUE	NA	NA
X	101576806	770021	1	1	1	1	0.240845	G	A	NXF2	splice_donor_variant	ENST00000330252	NA	NA	NA	0.44568	0.861	False	1	1	0.9361	FALSE	NA	NA
X	102979868	785705	1	0	1	1	0.101141	G	A	GLRA4	stop_gained	ENST00000372617	NA	NA	NA	9.3781e-09	1	True	1	1	0.86407	TRUE	NA	NA
X	152710630	208899	1	1	1	1	1.23507	G	A	TREX2	stop_gained	ENST00000330912	NA	NA	NA	0.45433	1	True	0.79748	0.22	1	TRUE	NA	NA
X	153593301	213436	0	0	1	1	616.662	G	A	FLNA	stop_gained&NMD_transcript_variant	ENST00000420627	NA	NA	NA	0	1	True	0.69814	0.082	0.089622	TRUE	NA	NA
Y	6932191	719064	1	1	1	1	0.0796526	G	C	TBL1Y	splice_donor_variant	ENST00000346432	NA	NA	NA	4.03e-13	1	False	1	1	1	TRUE	NA	NA
