Chr	pos	rs_ID	is_mean	is_max	is_5pct_mean	is_5pct_max	median_mean	REF	ALT	gene	conseq	ens_tr	ccr-exon_pct	ccr_exon_z	ccr_exon_frac	max_pLI	min_LOEUF	rescue	rescue_oe_mis	rescue_loeuf_min	pext_avg
1	874778	769497	1	1	1	1	3.4738	GCCTCCCCAGCCACGGTGAGGACCCACCCTGGCATGATCCCCCTCATCA	G	SAMD11	splice_donor_variant&non_coding_transcript_exon_variant&intron_variant	XR_241029.1	NA	NA	NA	NA	NA	NA	NA	NA	8.1618e-01
1	984430	541195	1	0	1	1	11.8007	TGCAGCTCAGGTGGGCGGGGAGGGGACGGGGCCGGGGCAGCTCAGGTGGGCGGGGAGGGGACGGGCGGGGGAGGGGGGGCCGGG	T	AGRN	splice_donor_variant&non_coding_transcript_exon_variant&intron_variant	ENST00000492947	74.0973617730929	2.038874835245827	0.8851280952904491	NA	NA	NA	NA	NA	4.8112e-01
1	5935162	167375	1	1	1	1	2.55838	A	T	NPHP4	splice_acceptor_variant&NMD_transcript_variant	ENST00000378169	19.36877423057522	0.580476060904241	0.28348839632454403	1.743e-29	0.983	True	1	1	3.7667e-01
1	9304978	402919	1	1	1	1	17.1595	CCCCAGGCA	C	H6PD	splice_acceptor_variant&coding_sequence_variant&intron_variant	ENST00000602477	NA	NA	NA	NA	NA	NA	NA	NA	NaN
1	18808229	784933	1	1	1	1	0.373517	C	T	KLHDC7A	stop_gained	XM_005245739.1	30.184113618873706	1.0	1.0	4.9895e-19	1	True	1	1	1.0000e+00
1	27120626	297114	0	0	1	1	6.21385	C	T	PIGV	stop_gained	XM_005245940.1	18.73954720312222	0.5484656546834674	0.44719983755996884	0.00014654	1	True	0.79247	1	9.4881e-01
1	35227093	783282	1	1	1	1	2.33928	C	T	GJB4	stop_gained	ENST00000339480	24.00525353303789	1.0	1.0	0.00055114	1	True	0.98922	1	1.0000e+00
1	35944752	773634	0	0	0	1	15.6859	C	T	KIAA0319L	stop_gained&NMD_transcript_variant	ENST00000470388	48.00843711159091	1.0748117271250848	0.7990963212435142	0	1	True	0.81312	0.437	6.7736e-01
1	43215861	386781	0	0	0	1	5.43141	G	A	LEPRE1	stop_gained&NMD_transcript_variant	ENST00000431412	34.38989967586577	0.9017215535792014	0.35898525437971823	0	1	True	0.89764	1	3.3362e-01
1	43917098	783286	1	1	1	1	17.1156	C	G	HYI	splice_donor_variant&non_coding_transcript_variant	ENST00000372427	21.340865244486956	0.7224670095804419	0.4001481174593531	2.3838e-10	1	True	0.83628	0.373	3.5524e-01
1	55077401	767671	1	1	1	1	1.09923	C	T	FAM151A	stop_gained	ENST00000302250	32.26067578735768	1.1477884872537907	0.7942901586159089	4.8585e-11	1	True	0.92351	1	1.0000e+00
1	60456491	710873	1	1	1	1	0.33113899999999996	C	A	C1orf87	stop_gained	ENST00000371201	35.11823162419745	0.9582934153072774	0.6790070851463748	4.5402e-08	1	True	1	1	9.6191e-01
1	145508146	167569	0	0	1	1	0.42195200000000005	C	A	RP11-315I20.1	splice_donor_variant&non_coding_transcript_variant	ENST00000412239	NA	NA	NA	0	1	True	0.43009	0.428	NaN
1	159923234	767714	1	1	1	1	0.07140160000000001	C	T	SLAMF9	splice_donor_variant&non_coding_transcript_variant	ENST00000466773	41.61021434048547	1.204219092131659	1.0	0	1	True	0.95288	1	3.0598e-01
1	161476204	402852	1	1	1	1	21.859	C	T	FCGR2A	stop_gained	ENST00000271450	32.48499028848838	0.9743462850865555	0.4587059007749132	2.1054e-06	1	True	1	1	7.6638e-01
1	179883190	476292	1	1	1	1	18.5256	G	A	TOR1AIP1	splice_donor_variant	ENST00000271583	NA	NA	NA	5.7424e-08	0.798	True	0.87719	1	9.8637e-01
1	183212845	294027	0	0	0	1	4.42668	G	A	LAMC2	splice_donor_variant&non_coding_transcript_variant	ENST00000476255	NA	NA	NA	0	1	True	0.57328	0.254	NaN
1	196757530	771691	0	1	1	1	1.12058	T	C	CFHR3	splice_donor_variant	ENST00000367425	NA	NA	NA	4.763e-09	1	True	0.96553	1	6.5579e-01
1	197070816	136427	0	1	1	1	0.582016	A	C	ASPM	stop_gained	ENST00000367409	33.185623671389955	0.9612003065635598	0.5974927855891365	3.3502e-49	0.743	True	0.96864	0.724	4.5422e-01
1	209960922	295189	1	1	1	1	0.101189	A	C	RP3-434O14.8	splice_donor_variant&non_coding_transcript_variant	ENST00000430751	NA	NA	NA	0	1	True	0.52154	0.132	NaN
1	234745166	782235	1	1	1	1	36.8689	G	A	RP4-781K5.2	splice_acceptor_variant&non_coding_transcript_variant	ENST00000436039	61.12547814552012	1.2472502059769837	1.0	0	1	True	0.85722	0.294	5.2583e-01
2	16080772	695120						C	T	MYCN	stop_gained	NM_001293231.1	NA	NA	NA	0	1	True	0.74592	0.412	NaN
2	18767621	726715	1	1	1	1	0.730734	G	A	NT5C1B	stop_gained	ENST00000304081	26.51211232210715	0.7619350615014592	0.4352136108663247	0.00086188	0.947	True	0.90864	0.995	2.7907e-02
2	21232140	895430	1	1	1	1	4.54611	G	A	APOB	stop_gained	ENST00000233242	37.08547658515609	0.992612134836236	0.6098545637117712	1.9234e-16	0.461	False	1	1	9.9985e-01
2	27479255	723115	0	0	0	1	1.88152	G	T	SLC30A3	stop_gained&splice_region_variant	XM_005264547.1	20.513700325888063	0.4770572133990763	0.3262454360355286	0.5421	0.509	True	0.53207	0.383	6.1774e-01
2	37000956	775061	0	0	1	1	3.1676599999999997	C	G	VIT	stop_gained	NM_001177969.1	32.70063112307143	1.4369951964016967	0.7835029881742762	5.2091e-25	1	True	1	1	5.9234e-01
2	47222299	458792	0	0	1	1	6.33721	C	T	TTC7A	stop_gained&NMD_transcript_variant	ENST00000441914	31.99258682411111	1.1909264056430415	0.7098118572547992	0	1	True	1	1	4.1223e-01
2	71739053	281140	0	0	1	1	12.6171	T	G	DYSF	splice_donor_variant	ENST00000258104	33.02335450424561	0.9918806799657189	0.5359873998498496	1.8194e-32	0.726	False	1	1	1.8822e-01
2	85571195	785967	1	1	1	1	25.8723	TCA	T	RETSAT	stop_gained&frameshift_variant	ENST00000295802	NA	NA	NA	NA	NA	NA	NA	NA	6.7675e-01
2	85921552	780828	1	1	1	1	10.3954	G	A	GNLY	stop_gained	NM_001302758.1	48.44394166192156	1.350309850245118	0.552600989845763	9.6899e-09	1	True	0.87873	1	5.3752e-01
2	98737874	756020	0	0	1	1	0.346446	G	T	VWA3B	stop_gained&NMD_transcript_variant	ENST00000416277	23.118393069955967	0.6918146985859702	0.39556926220692457	9.1275e-11	0.94	True	1	1	1.2998e-01
2	98779397	756021	0	0	1	1	0.346446	G	A	VWA3B	stop_gained&NMD_transcript_variant	ENST00000448638	19.900850055775997	0.5955301712052551	0.34051521444560934	0	1	True	0.97239	0.94	1.2998e-01
2	98797509	791864	0	0	1	1	0.346446	C	T	VWA3B	stop_gained&NMD_transcript_variant	ENST00000416277	30.457036870712816	0.9114225940693421	0.5211377610675738	0	1	True	0.97239	0.94	1.2998e-01
2	98810932	711848	0	0	1	1	0.346446	C	T	VWA3B	stop_gained&NMD_transcript_variant	ENST00000433678	33.767287669523064	1.010481389016427	0.5777780933883767	9.1275e-11	0.94	True	1	1	1.2998e-01
2	108863758	403503	1	1	1	1	0.147031	G	A	SULT1C3	stop_gained	NM_001008743.1	33.992280610795326	0.8768732344122586	0.44575341167961907	2.4056e-13	1	False	1	1	1.0000e+00
2	112614429	402367	1	1	1	1	4.50563	G	A	ANAPC1	stop_gained	ENST00000341068	NA	NA	NA	0.94532	0.305	True	0.90428	0.42	6.6029e-01
2	135965002	767826	1	0	1	1	0.560293	A	G	ZRANB3	splice_donor_variant	ENST00000264159	33.65089040410499	0.8016570331631758	0.37115495348901223	4.2341e-21	0.947	False	1	1	6.5176e-01
2	149806388	380834						C	T	KIF5C	stop_gained	NM_004522.2_dupl6	87.1023216388077	1.2163642892577973	0.9023201858535127	0	1	True	0.30301	0.117	4.9178e-01
2	149854982	382903						C	T	KIF5C	stop_gained	NM_004522.2_dupl6	83.15454964832111	1.1612345432187365	0.8614239813765007	0	1	True	0.49526	0.117	4.9178e-01
2	159477634	781684	1	1	1	1	13.2249	G	T	PKP4	splice_donor_variant	ENST00000389757	32.41210708394657	0.8873331751797663	0.35564748432406795	2.8842e-11	0.613	True	1	1	4.2909e-01
2	163124596	541779	1	1	1	1	4.41735	C	T	IFIH1	splice_donor_variant	ENST00000263642	34.82618155268948	1.0647397971810608	0.7171910965229494	6.9819e-44	1	False	1	1	9.2839e-01
2	168100489	731508	0	0	1	1	18.2383	C	T	XIRP2	stop_gained	ENST00000295237	30.399390146784214	0.9993438095349821	0.7291492698787198	3.6945e-46	0.908	True	1	1	2.6518e-01
2	170387886	773846	0	1	1	1	5.83662	G	C	FASTKD1	stop_gained	NM_001281476.1	33.337532767413045	0.9385260233237126	0.6817062846917669	2.3945e-28	1	True	1	1	3.4408e-01
2	179398510	192196	1	1	1	1	16.7617	C	A	TTN	stop_gained	ENST00000342175	35.563037395087875	0.9162755353134189	0.36390238510435197	1.7912e-24	0.29	True	1	1	8.2618e-01
2	179444286	691742	1	1	1	1	16.7617	A	G	TTN	splice_donor_variant	ENST00000342175	42.46401465803135	1.0940780262970111	0.43451733448668184	1.7912e-24	0.29	True	1	1	8.2618e-01
2	196759808	727531	0	0	1	1	1.07399	A	AT	DNAH7	stop_gained&frameshift_variant	ENST00000312428	34.82250464344356	1.037450102693453	0.5717786425150126	NA	NA	NA	NA	NA	1.6864e-01
2	209025758	709075	1	1	1	1	0.023515900000000003	G	A	CRYGA	stop_gained	ENST00000304502	24.2302044508806	1.0994049853815648	1.0	4.3304e-10	1	True	1	1	1.0000e+00
3	1320141	758226	1	1	1	1	0.324935	C	T	CNTN6	stop_gained	ENST00000350110	33.56994557152631	1.3741319399205802	0.9197202771619857	9.0232e-31	1	True	1	1	7.3537e-01
3	9867484	777374	0	0	1	1	10.933	C	T	TTLL3	stop_gained&splice_region_variant&NMD_transcript_variant	ENST00000430390	22.58538846207433	0.7504628969234391	0.24121847322446785	0.000129	1	True	1	1	3.1919e-01
3	9974543	542537	0	1	1	1	6.5049	G	C	IL17RC	splice_donor_variant	ENST00000295981	31.488896670552634	0.8575384359638789	0.344311541889094	2.3004e-14	0.867	True	0.87169	0.885	1.3301e-01
3	48602832	728221	0	0	1	1	13.5137	GCTGTCCTCACCTTC	G	COL7A1	splice_donor_variant&coding_sequence_variant&intron_variant	ENST00000328333	NA	NA	NA	NA	NA	NA	NA	NA	NaN
3	49935503	727441	1	0	1	1	1.7347599999999999	T	A	MST1R	stop_gained	ENST00000296474	35.890016145440256	1.144582399678191	0.6793963529512994	1.5743e-36	1	True	0.89104	1	5.4610e-01
3	51977385	723089	0	0	0	0	6.95408	C	T	PARP3	stop_gained&NMD_transcript_variant	ENST00000471971	46.3838053750828	1.2086922031917857	1.0	0	1	True	0.79765	0.439	6.9186e-01
3	52432873	790132	1	1	1	1	3.0426599999999997	C	A	DNAH1	stop_gained&NMD_transcript_variant	ENST00000490713	20.545140359080005	0.5135275491436523	0.2582884947350987	0	1	True	0.63788	0.277	1.5973e-01
3	54958763	738018	1	1	1	1	0.0840558	G	A	LRTM1	stop_gained	ENST00000273286	31.28379532395441	1.1723243245955584	1.0	1.1474e-12	1	True	0.78174	0.337	1.0000e+00
3	56591278	402505	1	0	1	1	2.14633	T	TGGGGTAAGCA	CCDC66	stop_gained&frameshift_variant&NMD_transcript_variant	ENST00000341455	3.9056941772	0.14628056772170422	0.07625046942230111	NA	NA	NA	NA	NA	2.0061e-01
3	73437221	776473	1	1	1	1	9.7133	C	CT	PDZRN3	splice_acceptor_variant	ENST00000263666	58.01899085662376	1.9285895475671535	0.7556109315605241	NA	NA	NA	NA	NA	9.8293e-01
3	93754286	695128	0	0	0	1	1.2825799999999998	G	GT	ARL13B	splice_donor_variant&non_coding_transcript_variant	NR_033427.1	NA	NA	NA	NA	NA	NA	NA	NA	NaN
3	93754286	695159	0	0	0	1	1.2825799999999998	GT	G	ARL13B	splice_donor_variant&non_coding_transcript_variant	NR_033427.1	NA	NA	NA	NA	NA	NA	NA	NA	NaN
3	108127252	791943	1	1	1	1	0.257458	C	A	MYH15	splice_acceptor_variant&non_coding_transcript_variant	ENST00000478998	51.00066778264517	1.4635092385754933	0.9151844494325108	4.5499e-59	1	False	1	1	9.7650e-01
3	113955726	780401	1	1	1	1	0.0883503	G	A	ZNF80	stop_gained&NMD_transcript_variant	ENST00000308095	30.84683039636798	1.0	1.0	0	1	True	1	1	3.2434e-01
3	128631781	343213	0	0	0	0	14.7166	T	G	ACAD9	splice_donor_variant&NMD_transcript_variant	ENST00000508971	NA	NA	NA	0	1	True	0.77498	0.814	NaN
3	130187662	912021	1	1	1	1	0.252238	G	T	COL6A5	stop_gained	ENST00000265379	41.878763399879944	1.2935671724013806	0.5079861183734268	1.0008e-08	0.916	True	1	1	9.0387e-01
3	136664970	775909	0	0	0	1	12.4097	G	C	NCK1	splice_acceptor_variant	ENST00000488930	31.66784899494382	0.7048309464500974	0.5977693024077703	0.0024232	1	True	0.74334	0.825	9.6836e-01
3	186395328	74988	1	1	1	1	7.2618100000000005	C	T	HRG	stop_gained	ENST00000232003	32.086185789801604	1.047165861195287	0.6461479516098583	5.8888e-14	1	True	1	1	9.9144e-01
3	195509212	218756						G	A	MUC4	stop_gained	XM_005269323.1	NA	NA	NA	0	1	True	0.89659	0.781	5.1963e-03
4	651283	770898	0	0	1	1	1.00021	GGTGCGGCGGGGCAGGACGTCCAGGGGTCACCCAGGGGTCACGGCT	G	PDE6B	splice_donor_variant&intron_variant	ENST00000255622	19.472524186741254	0.6903533814766448	0.24346824099599598	NA	NA	NA	NA	NA	3.0933e-01
4	995868	92649	0	0	1	1	7.150010000000001	C	T	IDUA	stop_gained	ENST00000453894	27.73117980639628	1.0246563624849059	0.5397776507554022	1.0138e-12	1	True	1	0.994	6.1138e-01
4	3009536	773153	0	1	1	1	1.39198	C	T	GRK4	stop_gained	NM_001004056.1	18.31806396742391	0.6464862115474278	0.33045544299242957	4.0726e-13	1	True	1	1	1.6144e-01
4	15482360	126229	0	0	1	1	1.96271	C	T	CC2D2A	stop_gained	NM_020785.2	27.987406528772354	0.6722587824955507	0.40044089330891514	1.0643e-06	1	True	0.88817	0.764	4.3953e-01
4	38776104	775957	1	1	1	1	0.751551	G	A	TLR10	stop_gained	ENST00000308973	33.827620687899	0.9885455003202719	0.8990375718974958	3.4787e-09	1	True	0.90855	1	9.9539e-01
5	1216787	784049	0	0	1	1	1.30849	C	T	SLC6A19	stop_gained&NMD_transcript_variant	ENST00000515652	30.18270016903906	1.0115958846642672	0.8171988365403857	0	1	True	1	1	9.8575e-01
5	7900572	904710	0	0	1	1	6.22635	T	C	MTRR	splice_donor_variant&non_coding_transcript_variant	ENST00000506115	NA	NA	NA	0	1	True	1	0.798	NaN
5	10280729	780516	1	1	1	1	13.4566	G	A	CMBL	stop_gained	ENST00000296658	40.52559791552273	1.1721827024987759	0.8621275249650572	0.00011148	1	True	1	1	8.9426e-01
5	74962813	718612	0	1	1	1	0.389297	G	A	ANKDD1B	stop_gained	ENST00000601380	25.041029568662076	0.8097720508594936	0.3442836658681903	1.4401e-06	1	True	1	1	2.3221e-01
5	96232568	769654	1	1	1	1	4.47012	G	GTAAGTCATATGTTGGGTAACGATAGACTGTTATTTAATCTAGAAAGTAACAGAATAATTGTGAATGTTTATAAATAGCTATATATTGTCAGTCAACCATA	ERAP2	splice_donor_variant&NMD_transcript_variant	ENST00000513084	45.6946702605077	1.3487789916371196	0.7700588209130359	NA	NA	NA	NA	NA	9.0739e-01
5	102537248	734806						T	A	PPIP5K2	stop_gained	NM_001281471.1	25.66866021784403	0.44148295054090625	0.2669954200660928	0	1	True	0.57784	0.784	7.1167e-01
5	121761178	350493	0	0	0	1	1.10952	C	T	SNCAIP	stop_gained&NMD_transcript_variant	ENST00000395466	27.661446719571426	0.7266538823187306	0.47379064125577924	0.06063	1	True	0.83038	0.486	3.9542e-01
5	121767699	350494	0	0	1	1	1.10952	C	T	SNCAIP	stop_gained&NMD_transcript_variant	ENST00000508017	58.38326955183186	1.533702481739063	1.0	0	1	True	0.81443	0.486	3.9913e-01
5	126141389	788291	1	1	1	1	4.604019999999999	G	GTAAC	LMNB1	splice_donor_variant&non_coding_transcript_variant	ENST00000460265	66.257888284328	1.2784345777833719	1.0	NA	NA	NA	NA	NA	8.0675e-01
5	130500751	681716	0	0	1	1	123.20700000000001	A	C	HINT1	splice_donor_variant&NMD_transcript_variant	ENST00000504202	29.727140528675868	0.9438348347291814	0.7503527373349185	0.001941	1	True	0.79562	1	0.0000e+00
5	131976473	220457	1	1	1	1	7.26376	AATCTCTTGCACATGCTCTGGTTGAGTAAGT	A	RAD50	splice_donor_variant&coding_sequence_variant&intron_variant	ENST00000265335	36.21882175123307	0.9600154008683447	0.5730958429450643	NA	NA	NA	NA	NA	8.7007e-01
5	167835629	732367	0	0	0	1	4.24292	G	A	WWC1	splice_donor_variant&non_coding_transcript_variant	ENST00000517646	23.68444129084247	0.5822802524103329	0.36727486089757233	0	1	True	0.82923	0.433	4.5327e-01
5	176943914	782466	1	1	1	1	14.3455	T	TCCTA	DDX41	stop_gained&frameshift_variant	ENST00000330503	NA	NA	NA	NA	NA	NA	NA	NA	3.2959e-01
5	177034283	391733	0	0	1	1	11.9788	G	A	B4GALT7	splice_acceptor_variant&NMD_transcript_variant	ENST00000505433	29.432954647512823	1.0840723319790735	0.7564685488351709	0	1	True	0.7739	1	NaN
5	180041180	782101	1	1	1	1	5.64235	CTGGGGAGACAGAGGGAAGCTTGTCCCGTGGTGGA	C	FLT4	splice_acceptor_variant&intron_variant&non_coding_transcript_variant	ENST00000507059	80.92977928872973	1.7535191594349542	0.9713375094707157	NA	NA	NA	NA	NA	7.6278e-01
6	10410194	774641	0	0	1	1	2.2265200000000003	G	A	TFAP2A	stop_gained&NMD_transcript_variant	ENST00000488193	46.36976011573733	0.9216782693480374	0.5741406009325716	0	1	True	0.50037	0.17	6.7343e-01
6	25653608	714310	1	1	1	1	4.11311	AG	A	SCGN	splice_acceptor_variant	ENST00000377961	14.003444304304349	0.36314693358268013	0.2011102738407734	NA	NA	NA	NA	NA	9.9899e-01
6	25799043	716025	1	1	1	1	0.196616	C	T	SLC17A1	stop_gained	ENST00000244527	35.20953592879389	0.9028211287094419	0.5617838101107197	1.1676e-11	1	True	1	1	9.9903e-01
6	30115320	774645	1	1	1	1	0.102501	G	T	TRIM40	splice_donor_variant	ENST00000307859	NA	NA	NA	6.1659e-11	1	True	1	1	9.0835e-01
6	32006886	65608	0	0	0	0	15.6911	G	A	CYP21A2	splice_acceptor_variant&non_coding_transcript_variant	ENST00000464325	NA	NA	NA	0	1	True	0.62175	0.406	7.1504e-01
6	32485856	252598	1	1	1	1	46.7978	T	C	HLA-DRB5	splice_acceptor_variant	ENST00000374975	NA	NA	NA	3.6359e-07	1	False	1	1	1.0000e+00
6	38738337	414428	1	0	1	1	0.149299	T	C	DNAH8	splice_donor_variant	ENST00000327475	57.348117059801375	1.4203307320889413	0.7933118102059346	9.0109e-53	0.659	False	1	1	9.9654e-01
6	52103527	911491	1	1	1	1	0.017901900000000002	C	T	IL17F	splice_donor_variant	ENST00000336123	31.065990356772726	1.1243103461212003	1.0	0.039165	1	False	1	1	5.0000e-01
6	53152683	691282	0	0	0	0	39.384	G	A	ELOVL5	stop_gained	NM_001242828.1	22.396499737937496	0.4434538184848193	0.3204107790699303	0.93341	0.355	True	0.66261	0.256	7.5700e-04
6	99930627	770177	0	0	1	1	1.45623	A	G	USP45	splice_donor_variant	ENST00000327681	52.04413954136607	1.3264768986896793	0.7938726017083949	0.014632	1	True	0.85366	1	2.2238e-01
6	116442507	907221	1	0	1	1	0.24170300000000003	G	A	COL10A1	stop_gained	ENST00000243222	26.737284653498243	0.9806321641978545	0.8003066934359051	2.9839e-05	0.945	True	0.90187	0.708	9.7968e-01
6	116600895	791449	0	0	0	0	10.0376	G	A	DSE	splice_donor_variant&non_coding_transcript_variant	ENST00000607094	34.18995295508921	1.0	1.0	0	1	True	0.75089	0.377	1.0000e+00
6	158571611	139092	0	0	1	1	3.4637300000000004	A	T	SERAC1	stop_gained&NMD_transcript_variant	ENST00000607071	54.088221708856054	1.2866046252993564	0.7568607917863324	0	1	True	0.77799	0.626	8.4760e-01
6	160560897	403448	0	1	1	1	4.04673	CTGGTAAGT	C	SLC22A1	splice_donor_variant&3_prime_UTR_variant&intron_variant&NMD_transcript_variant	ENST00000539263	23.631438071925228	0.7833228948199976	0.41942534850365953	NA	NA	NA	NA	NA	2.2360e-01
6	161006077	403043	1	1	1	1	0.195051	C	T	LPA	splice_donor_variant	ENST00000316300	16.688177854974846	0.6123789190710914	0.3595757602514546	6.5917e-89	1	False	1	1	1.0000e+00
7	286468	402845	1	1	1	1	24.581999999999997	G	GGACAGGTGAGCCCTTCCTTCCTCCCTCCATCCGC	FAM20C	stop_gained&frameshift_variant	ENST00000313766	44.35332723858695	1.2117500114119308	0.5308816278415945	NA	NA	NA	NA	NA	7.5097e-01
7	21582963	93681	0	0	1	1	0.644088	G	T	DNAH11	stop_gained	ENST00000328843	32.75792225290857	1.0524477173890254	0.3532233344100045	1.245e-57	0.67	True	1	1	3.0445e-01
7	21723452	257909	0	0	1	1	0.644088	G	A	DNAH11	stop_gained	ENST00000328843	30.277518076899998	0.9727572018218898	0.3264775406148423	1.245e-57	0.67	False	1	1	3.0445e-01
7	63529269	787051	1	1	1	1	0.187352	C	T	ZNF727	stop_gained&splice_region_variant	NM_001159522.1	NA	NA	NA	0.0020573	1	True	1	1	1.0000e+00
7	80293813	778324	1	1	1	1	38.4041	G	GGTAA	CD36	stop_gained&frameshift_variant&splice_region_variant	ENST00000309881	3.1948549875540535	0.24597690373882822	0.09681916093229516	NA	NA	NA	NA	NA	6.2728e-01
7	92764069	774190	1	1	1	1	4.12686	G	A	SAMD9L	stop_gained	ENST00000318238	43.331596617620995	1.0009588354252132	1.0	5.5651e-15	0.783	True	0.85578	1	9.8717e-01
7	103062016	5289	1	1	1	1	0.046504699999999996	T	C	SLC26A5	splice_acceptor_variant&NMD_transcript_variant	ENST00000423416	NA	NA	NA	0.17428	0.693	True	0.86934	0.725	NaN
7	107763575	709430	0	0	1	1	1.7603400000000002	C	T	LAMB4	splice_donor_variant	ENST00000205386	13.618930337757575	0.4029785966633005	0.2396739814159061	6.9912e-25	1	False	1	1	1.3932e-01
7	149983566	402338	1	1	1	1	1.09753	G	A	ACTR3C	stop_gained	ENST00000252071	NA	NA	NA	0.003084	1	False	1	1	9.9276e-01
7	150325378	776270	0	0	1	1	7.95931	T	C	GIMAP6	splice_acceptor_variant	ENST00000493969	30.043195681321514	0.9769057820425286	0.5115776456073132	0.13563	1	True	0.93512	1	8.8412e-01
7	151668151	758261	0	1	1	1	0.342913	G	C	GALNTL5	splice_donor_variant	ENST00000392800	30.663276967966667	1.0115808598515577	0.7356614222059734	3.5947e-16	1	False	1	1	1.6004e-01
7	151945071	403020	0	0	1	1	5.2822	G	GT	KMT2C	stop_gained&frameshift_variant	ENST00000262189	NA	NA	NA	NA	NA	NA	NA	NA	8.3972e-02
8	1812535	725580	0	0	1	1	8.2602	G	C	ARHGEF10	splice_acceptor_variant&non_coding_transcript_variant	ENST00000382795	17.939813079545452	0.7414869812328757	0.39670379024028857	8.7998e-11	0.929	False	1	1	2.4027e-01
8	11407666	910760	1	1	1	1	1.53195	A	G	BLK	splice_acceptor_variant	ENST00000259089	48.19383961010892	1.7470175386359288	0.989908825996056	4.9352e-13	1	True	1	1	2.1782e-01
8	19819724	795314	1	1	1	1	49.8698	C	A	LPL	stop_gained	ENST00000311322	34.04408529094117	1.0185414920279072	0.5737266427880285	1.2712e-09	1	False	1	1	9.9316e-01
8	19819724	1534	1	1	1	1	49.8698	C	G	LPL	stop_gained	ENST00000311322	34.04408529094117	1.0185414920279072	0.5737266427880285	1.2712e-09	1	False	1	1	9.9316e-01
8	24771318	709260	0	0	0	1	9.98278	G	A	NEFM	splice_donor_variant&non_coding_transcript_variant	ENST00000523467	37.219480927502794	0.9353082778788584	0.6961851466281231	0	1	True	1	0.514	3.1835e-01
8	38091917	734414	0	0	0	1	7.4923399999999996	G	T	DDHD2	splice_acceptor_variant	ENST00000528358	32.34264602426776	0.8069400271118398	0.5042850222940719	1.703e-07	1	True	0.81968	0.769	4.9199e-01
8	52469399	721492	0	0	1	1	0.731608	C	T	PXDNL	splice_donor_variant	ENST00000356297	58.94133198230986	1.7385880941844207	0.6556084755121909	2.2765e-34	1	False	1	1	5.3007e-01
8	71646084	782855	1	1	1	1	0.277988	C	T	XKR9	stop_gained	ENST00000408926	23.706829717879813	0.9365235965441127	0.7227639309224119	4.0628e-09	1	True	1	1	8.7724e-01
8	87163770	720814	1	1	1	1	0.24137199999999998	G	T	ATP6V0D2	splice_donor_variant	ENST00000285393	23.14009221451351	0.7881832195357718	0.5546546306711476	2.4683e-11	1	True	1	1	1.0000e+00
8	110464510	788298	0	0	1	1	4.190919999999999	G	A	PKHD1L1	splice_donor_variant	ENST00000378402	38.24238065260256	0.95698678063662	0.4567393621010485	1.3739e-109	1	False	1	1	1.2036e-01
8	143310853	716150	0	0	1	1	7.475630000000001	G	A	TSNARE1	stop_gained	ENST00000307180	34.02416743805435	1.069214415508092	0.4273323621161892	9.6275e-07	0.833	False	1	1	1.8479e-01
9	33386400	402388	1	1	1	1	7.3522	A	G	AQP7	splice_donor_variant	ENST00000297988	NA	NA	NA	0.0035111	1	False	1	1	1.0000e+00
9	34637329	465868						C	T	SIGMAR1	splice_donor_variant&non_coding_transcript_variant	NR_104108.1	41.90955565443137	0.874416059479757	0.6205183171312697	0	1	True	0.64248	0.592	8.5756e-01
9	34648088	25195	0	0	1	1	7.6544	G	A	GALT	splice_acceptor_variant&non_coding_transcript_variant	ENST00000473529	NA	NA	NA	0	1	True	0.78299	0.864	NaN
9	35810991	730582	1	1	1	1	1.51741	G	A	SPAG8	stop_gained	ENST00000340291	34.669375260821425	1.0887596144762155	0.665424171538846	8.4467e-09	1	True	0.59659	0.495	6.0865e-02
9	36882090	436163	0	0	0	0	0.7039449999999999	G	A	PAX5	stop_gained&NMD_transcript_variant	ENST00000377840	52.82301114325743	1.0357935709821526	0.6008360722652794	0	1	True	0.50675	0.165	9.8715e-01
9	129456109	258630	0	0	0	1	0.346673	C	T	LMX1B	stop_gained	ENST00000355497	NA	NA	NA	0.92635	0.36	True	0.64561	0.285	0.0000e+00
9	131009761	833564						T	C	DNM1	splice_donor_variant	XM_005251770.1	81.41900460331532	1.1344002770800368	0.8415418105510264	0	1	True	0.33961	0.203	6.4627e-01
9	138589474	560884	1	1	1	1	1.6812099999999999	C	T	SOHLH1	splice_acceptor_variant	ENST00000298466	28.00304338464166	0.869768629386951	0.5811908717596768	0.00226	0.813	True	0.71156	0.471	1.0000e+00
9	139635287	721340	1	1	1	1	3.27769	C	T	LCN10	splice_donor_variant&non_coding_transcript_variant	ENST00000406721	33.318467906757014	0.9100282492050499	0.47888992083936976	0.00051215	1	True	0.92868	1	9.0706e-02
10	12159755	208863	1	1	1	1	6.4531	G	C	DHTKD1	splice_donor_variant	ENST00000263035	17.04860191857317	0.5377120936577199	0.32748498359993133	2.7884e-30	1	True	0.95671	1	9.5284e-01
10	21098828	696373	1	1	1	1	11.5544	CT	C	NEBL	splice_acceptor_variant	ENST00000377122	25.56658462748889	0.7211869087897532	0.3123074597552479	NA	NA	NA	NA	NA	6.1527e-01
10	70231546	729327	1	1	1	1	1.171	ACAGCTCCGCCGG	A	DNA2	splice_donor_variant&coding_sequence_variant	ENST00000358410	66.94364851280822	1.3660289163090706	0.6783234415440699	NA	NA	NA	NA	NA	9.4785e-01
10	73056469	788304	1	1	1	1	4.891430000000001	GATATTCCAGCTGCATACCACTCTGGCAGAGGTGAGGGAAGTCGGGGCCAC	G	UNC5B	splice_donor_variant&coding_sequence_variant&intron_variant	ENST00000335350	33.354432174133855	1.0118771453883921	0.5308724708763981	NA	NA	NA	NA	NA	1.0000e+00
10	82122705	784162	1	1	1	1	0.671635	A	G	DYDC2	splice_acceptor_variant	ENST00000256039	31.889436435991804	0.890976499638635	0.7980561806085429	0.014758	1	False	1	1	1.0000e+00
10	89623859	492723						GC	G	PTEN	splice_acceptor_variant&frameshift_variant	NM_001304717.2	NA	NA	NA	NA	NA	NA	NA	NA	NaN
10	124214355	299029	1	1	1	1	0.19284500000000002	C	T	ARMS2	stop_gained	NM_001099667.1	40.48363145068243	0.9769154950147931	0.7531608030044101	0.00051801	1	False	1	1	1.0000e+00
10	128153385	709837	0	0	1	1	0.581835	G	A	C10orf90	stop_gained	NM_001004298.2	30.84325707396209	1.1407143239236515	0.6072015911364115	9.8065e-11	1	True	0.91432	1	9.1754e-02
11	615010	476072	0	0	1	1	4.198	GA	TT	IRF7	stop_gained&NMD_transcript_variant	ENST00000533190	37.85185683464405	1.1996299865624325	0.6645786243595595	1.3427e-05	1	True	1	0.345	2.7489e-01
11	1782715	205334	0	0	0	0	310.335	G	A	CTSD	stop_gained	ENST00000438213	NA	NA	NA	0.026194	0.753	True	0.67217	0.749	7.3483e-03
11	1951055	790456	1	1	1	1	67.4109	CCAAGTGAGTGTGGGGTCCTGGCAGGCCCGCTGCTGAGTGTGTTCTGGGGTGGGGGTGGT	C	TNNT3	splice_donor_variant&non_coding_transcript_exon_variant&intron_variant	ENST00000492075	4.6641336831875	0.10879474721754614	0.050488240905374696	NA	NA	NA	NA	NA	8.2542e-01
11	7060977	235386	1	1	1	1	0.0456909	A	T	NLRP14	stop_gained	NM_176822.3	21.273814746873242	0.6622433273982826	0.5305126806380519	5.7416e-36	1	False	1	1	1.0000e+00
11	14902307	739173	0	0	1	1	4.44404	G	A	CYP2R1	stop_gained&NMD_transcript_variant	ENST00000530609	25.55106932818182	0.5982670857648871	0.3903931622284415	0	1	True	0.79506	1	1.6005e-01
11	60271173	776616	1	1	1	1	2.56945	G	T	MS4A12	splice_acceptor_variant	ENST00000016913	38.88671993874107	1.1823740808492553	0.9226781869114045	0.00010534	1	True	1	1	9.7146e-01
11	61165741	126297	0	0	1	1	8.06762	G	C	TMEM216	splice_acceptor_variant	ENST00000398979	56.03539264866666	1.6181128776419216	1.0	0.0019026	1	True	0.5502	0.13	7.5697e-01
11	61490967	783596	0	0	1	1	2.39332	C	T	DAGLA	stop_gained&NMD_transcript_variant	ENST00000540717	62.96847935532457	1.1342002516521903	0.7600743375486294	0	1	True	0.57396	0.171	8.7082e-01
11	62381863	879754	0	1	1	1	4.84426	C	T	ROM1	stop_gained	ENST00000278833	27.880481591750005	1.0657731805115944	1.0	0.00041221	1	True	0.64178	0.559	9.9478e-01
11	62433981	726523	0	0	1	0	4.282030000000001	C	T	METTL12	stop_gained	ENST00000532971	22.790218993276085	0.988199097244474	0.8850242015032047	0.0019838	1	True	0.82812	1	5.2987e-02
11	65427240	732489	0	0	0	0	35.6072	G	A	RELA	stop_gained&NMD_transcript_variant	ENST00000527909	49.14731429460163	0.8949415740724446	0.5234626181705732	0	1	True	0.4347	0.181	8.0250e-01
11	65486247	880428	0	0	1	1	13.6378	G	C	KAT5	splice_donor_variant	ENST00000533596	26.604203569420292	0.41960416571325565	0.32258236773725285	0.084261	1	True	0.35353	0.462	7.2338e-02
11	73714871	7578	0	0	1	1	5.64923	C	T	UCP3	splice_donor_variant	ENST00000314032	28.317303494602218	1.0561153494568032	0.8150359261352729	0.00094636	1	True	0.98098	1	2.0251e-01
11	95615661	306546	0	0	1	1	4.27156	CTAAAA	C	MTMR2	splice_acceptor_variant&intron_variant&non_coding_transcript_variant	ENST00000470293	NA	NA	NA	NA	NA	NA	NA	NA	NaN
11	102076815	746169	0	0	1	1	16.7401	C	T	YAP1	stop_gained&splice_region_variant	ENST00000345877	33.00544500315545	0.6082784726015036	0.3922444654553533	0.99613	0.228	True	0.68471	0.141	4.8756e-01
11	104761100	402491	1	1	1	1	0.511724	T	C	CASP12	splice_donor_variant&NMD_transcript_variant	ENST00000417998	27.82815731069797	0.933762647824263	0.48217188088184904	0.025984	1	False	1	1	1.0000e+00
11	104971507	768481	1	1	1	1	0.166484	C	G	CARD17	splice_acceptor_variant	ENST00000375707	NA	NA	NA	6.6679e-05	1	True	0.99662	0.928	1.0000e+00
11	113266080	783648	1	1	1	1	0.619229	G	T	ANKK1	splice_acceptor_variant	ENST00000303941	41.36459941561224	0.9018152656438658	0.733306674246631	7.4008e-12	1	False	1	1	9.2842e-01
11	113270450	716427	1	1	1	1	0.619229	G	T	ANKK1	stop_gained	ENST00000303941	50.78564978889966	1.1072094230891274	0.9003219291928182	7.4008e-12	1	True	1	1	9.2842e-01
11	113857347	768486	0	0	0	0	0.18165499999999998	C	T	HTR3A	stop_gained&NMD_transcript_variant	ENST00000510849	21.815107658856462	0.7204000851780579	0.5430551006982584	0	1	True	1	1	1.0000e+00
11	117251431	473078	0	0	1	1	5.0336099999999995	G	A	CEP164	splice_donor_variant&non_coding_transcript_variant	ENST00000533675	NA	NA	NA	0	1	True	0.96578	0.837	NaN
12	6979199	310363	0	0	0	0	362.06699999999995	G	A	TPI1	splice_acceptor_variant&non_coding_transcript_variant	ENST00000482209	NA	NA	NA	0	1	True	0.45429	0.316	NaN
12	7074876	725611	1	1	1	1	99.6105	CTG	C	PHB2	splice_acceptor_variant&intron_variant	ENST00000440277	23.589732336125	0.4607428113709813	0.2766413758964406	NA	NA	NA	NA	NA	3.1137e-02
12	7091021	777232	0	0	0	0	21.8981	G	A	LPCAT3	stop_gained&NMD_transcript_variant	ENST00000540090	63.584157446118276	1.123789447821652	0.9540308166670443	0	1	True	0.57624	0.268	7.0422e-01
12	8801082	669640	0	0	1	1	21.7759	C	A	MFAP5	splice_donor_variant&NMD_transcript_variant	ENST00000537009	NA	NA	NA	0	1	True	0.74516	0.785	NaN
12	9246175	18173	1	1	1	1	246.68599999999998	TCTATGGTGAGTGAGGAAGAAGACATTACAATAAACATACAGATAAAGCTTATGAGAGAATGTAATAGTTGCCACCAAAAAAAAAAAACAAAAAACAAATCGTCTGATGAAATAGAGAGGAAGGAGGAGAGGGCGCTTGGGTCATCAAGGAAAGCTTCTTTGAGGAGGAAATATGTTGGTTGACTTAACAAGCCAGGAGAGGCCGGGCGCGGTGGCTCATGCCTGTAATCCCAGCACTTTGAGAGGCCGAGGCCGAGACGGCGCCACTGCACTCCAGCCTGGGCGACCTGAGCGACAGAGTGAGACTTCGTCTCAAACAAACAAACAAACAAACAAACAACAAAAAAAAACAAGAATAAGCTAGGAGTGAGCTGGGGGAGGAGGGTCATAAGCAGAGGCTATAGAGACTTTGGCAGACAGAGGCTTGGATTGTCTGTGGGGCACAAGGACTCTGTGGAGTCCTATGTGGCTGCTGCCGCTGTGCTAAGTGGAGAGTGTTATGACACAAGGCCGTGAAGAGGGGCAGGAATCCAAGTTTCCATTGGTGTGCTCCTCTGCAGGAGCAAGGAAAAACTGACACACATGTTATGACAGTGGCTTTGAGAAACAGTTTACAGGAGGGAAAAGTTTAATAATAATAAAGACTTTTTATTCTCTATCGTGTCAGAAGATTACAGTTAGTTTCCTTCACTCTATTCACCTTCTATTAAGGGTGTGCTGGTCAATATTTCACAACCAGCTCTCTGGAAAAAAAAATTGTGCATATATATATATATATATATATATATATATATATACCTATACATGCATAAATTTACTATATATCTTACTGATAAAGGATTATACAATATAATTTATAAATAATAAAATATGCGGTAGGCTTCATAGTGAATTCCATAGAGCCAACTGATTCTCCTTAAATGCTTTCCTTGATTTTTGACCCTCTTTTCTCTGTACTCAACTTATCCTCAATCATGATTTGACAATATGGGACTATAAATAAATGCTTGATTACTATTCAGTTCATCAAAGAAGTAGCTCATGTCATTGATGAATGTGTGTGGTTCCAACATAAATATTGGCTGATGTTTTGGGGAAGTTGAACAGCTTTTTTACCTGACTGATGGAGAATGTAGTGTTGTTGTGTGAACATTTCTATTTCTGTTTACACTAATCCTACGCTTGGAAACTTTCTCTTTCCTTTCAGCCTAACACATGTACCTCCATTTACTAGAATTTGAGTTTATATTACTATATGACCTTGAGCAATAACCTTAATATGTATGACTCACATGTCCTTTTTGTTTGTTAATTTTTGTCACATTGTATCTTTTAAAAAATTTAAAATTTGGTGAATATATTAGGCAATATATATTTATTAATTTTTTGTTTAC	T	A2M	splice_acceptor_variant&splice_donor_variant&intron_variant	ENST00000318602	37.750556740070174	0.7882009034405034	0.38312857631419195	NA	NA	NA	NA	NA	6.3863e-01
12	9246176	402328	1	1	1	1	246.68599999999998	CTATGG	C	A2M	splice_acceptor_variant&intron_variant&NMD_transcript_variant	ENST00000546069	37.750556740070174	0.7882009034405034	0.38312857631419195	NA	NA	NA	NA	NA	6.3863e-01
12	9321534	790412	1	1	1	1	0.364645	G	A	PZP	stop_gained	NM_002864.2	53.50664436938096	1.431784930026813	0.8447260160891042	8.2693e-34	0.975	True	1	1	8.9968e-01
12	10271087	4466	1	1	1	1	3.8691800000000005	A	C	CLEC7A	stop_gained&NMD_transcript_variant	ENST00000529761	23.361365415759693	0.5752900334553565	0.28390402362462136	3.6079e-07	1	True	0.92874	1	5.4656e-01
12	52315612	309460	0	0	1	1	11.0445	G	C	ACVRL1	splice_donor_variant&non_coding_transcript_variant	ENST00000550084	NA	NA	NA	0	1	True	0.54403	0.692	NaN
12	52711747	309529	1	1	1	1	3.22549	C	A	KRT83	stop_gained	ENST00000293670	36.7791737214138	1.4532528965292077	0.7779631330869409	3.3665e-14	1	True	1	1	1.0000e+00
12	52714928	884068	1	1	1	1	3.22549	G	T	KRT83	stop_gained	ENST00000293670	15.131487406091383	0.5978893943692499	0.3200653565486335	3.3665e-14	1	False	1	1	1.0000e+00
12	52965240	729450	1	1	1	1	0.696879	T	C	KRT74	splice_acceptor_variant	ENST00000305620	33.49698373311578	1.2109153522588585	0.4008425925664474	2.1183e-14	1	True	1	1	9.9376e-01
12	56236602	776900	1	1	1	1	6.996560000000001	G	A	MMP19	stop_gained&NMD_transcript_variant	ENST00000548882	54.637193356755816	1.8083859309880554	1.0	8.8301e-07	1	True	0.88036	1	2.4068e-01
12	64061882	712121	1	0	1	1	5.3382	C	A	DPY19L2	stop_gained&NMD_transcript_variant	ENST00000306389	NA	NA	NA	1.0936e-13	0.906	True	0.89777	1	4.5821e-01
12	69743902	882899	1	1	1	1	203.50799999999998	A	T	LYZ	stop_gained	ENST00000261267	45.9128562617256	1.1428830221168145	1.0	3.4114e-06	1	True	1	1	1.0000e+00
12	110252521	241389	0	0	0	1	0.958938	A	G	TRPV4	splice_donor_variant	ENST00000536838	36.67124615793767	0.8617455375196609	0.6288080998156149	3.0516e-16	1	True	0.75258	1	9.9302e-01
12	133196474	731381	1	1	1	1	1.0384799999999998	C	A	P2RX2	stop_gained	ENST00000343948	40.943720037478876	1.3812399099025758	0.48900622756436835	0.00075708	1	True	0.91634	0.64	1.0000e+00
13	20426175	773691	1	1	1	1	3.5609	G	C	ZMYM5	stop_gained	NM_001039649.2	32.14529386639624	0.8110972199712763	0.5842808798294898	0.0066165	0.875	True	1	1	6.5624e-01
13	25265101	784480	0	0	1	1	0.369715	G	A	ATP12A	splice_acceptor_variant	ENST00000218548	38.754727899699326	0.9847794894784799	0.45891560982600177	7.1254e-14	0.815	True	0.90406	0.767	1.0410e-02
13	111335482	421531	1	1	1	1	14.2918	CTG	C	CARS2	splice_acceptor_variant&intron_variant	ENST00000257347	42.401864717375005	1.2417179223610737	0.6361751933436679	NA	NA	NA	NA	NA	3.5054e-01
14	36987227	8978	1	1	1	1	8.13985	T	A	NKX2-1	splice_acceptor_variant	ENST00000354822	58.16591780512834	1.0427679817956643	0.970707121479144	0.97081	0.274	True	0.77503	0.965	9.7975e-01
14	39784004	218553	1	1	1	1	4.17197	GTA	G	CTAGE5	splice_donor_variant&intron_variant	ENST00000280083	33.8575845131	0.8792237279489301	0.44788989929156636	NA	NA	NA	NA	NA	6.9849e-01
14	51378590	194627	1	1	1	1	16.2475	CT	C	PYGL	splice_acceptor_variant	ENST00000216392	44.01569106270503	1.2683547047156885	0.8534745368407252	NA	NA	NA	NA	NA	8.3653e-01
14	57947421	252719	0	1	1	1	0.6328090000000001	G	A	C14orf105	stop_gained	NM_001283056.1	40.329295201773576	1.0721732103473476	0.6986472705743303	0.21853	0.843	True	0.89633	1	7.7825e-01
14	64560092	130463	0	0	1	1	11.8998	G	A	SYNE2	stop_gained	NM_015180.4	36.3815754241832	0.9800938253474517	0.559919764647089	4.9636e-17	0.364	True	0.88887	0.964	1.5466e-01
14	68053899	774936	0	0	1	1	6.26278	C	T	PLEKHH1	stop_gained&NMD_transcript_variant	ENST00000559168	34.06793653223145	0.689506644392891	0.37592015928262007	4.6782e-09	0.537	True	0.70909	0.792	1.4398e-01
14	74416836	136986	0	1	1	1	5.483709999999999	G	A	COQ6	stop_gained&NMD_transcript_variant	ENST00000554341	21.649417788333334	0.5920425819736397	0.46997854011050527	1.2146e-14	1	True	0.77286	1	8.1130e-01
14	74763086	380498	0	0	1	1	9.2002	G	C	ABCD4	stop_gained&NMD_transcript_variant	ENST00000554453	29.551811960422416	0.8642746030401302	0.34856620087551526	0	1	True	0.95822	0.898	7.1727e-02
14	75483904	238249	0	0	1	1	4.28524	T	TCTATGGGAAGAAAGAATAACTTCAATTAGCAATATGA	MLH3	stop_gained&frameshift_variant&splice_region_variant	ENST00000238662	38.82957135686207	1.020580147425715	0.5143188048139047	NA	NA	NA	NA	NA	3.7957e-01
14	88857722	143153	1	1	1	1	4.35083	AAGTC	A	SPATA7	splice_acceptor_variant&coding_sequence_variant	ENST00000045347	NA	NA	NA	NA	NA	NA	NA	NA	7.2591e-01
14	100384160	722400	0	0	1	1	8.11933	G	A	EML1	stop_gained&NMD_transcript_variant	ENST00000557313	56.08414591020896	1.0703235667005184	0.7383608173233847	0	1	True	0.68286	0.262	8.6304e-01
15	31294714	315498	1	1	1	1	0.200033	C	A	TRPM1	stop_gained	ENST00000256552	32.45645749942193	0.9883105063703097	0.5771260384358404	1.9302e-17	1	True	1	1	2.6007e-01
15	43925134	402497	0	0	1	1	2.07841	T	A	CATSPER2	splice_acceptor_variant	ENST00000321596	NA	NA	NA	5.8613e-17	1	True	0.95082	0.914	5.3003e-03
15	59910888	774914	1	1	1	1	1.73681	C	T	GCNT3	stop_gained	ENST00000396065	NA	NA	NA	0.0044311	1	True	1	1	9.3638e-01
15	62283295	726458	0	0	1	1	13.1661	T	C	VPS13C	splice_acceptor_variant	ENST00000249837	33.11631400976595	0.8729975090485431	0.4918842282699672	1.7136e-47	0.676	False	1	1	1.6391e-01
15	69327737	785498	1	0	1	1	0.174013	G	A	NOX5	stop_gained	ENST00000260364	40.99844281737255	1.134011272276688	0.7992225289502147	1.1025e-26	1	True	1	1	5.6470e-01
15	75641682	790285	0	1	1	1	9.301210000000001	T	C	NEIL1	splice_donor_variant	ENST00000355059	NA	NA	NA	0.056303	1	True	0.73431	1	7.7896e-02
15	77287744	317167	0	0	1	1	2.0049799999999998	A	T	PSTPIP1	splice_acceptor_variant&NMD_transcript_variant	ENST00000559785	25.973184070417116	0.5647668949988219	0.2714416925201222	0.047383	0.815	True	0.71566	0.73	0.0000e+00
15	85360269	726266	1	1	1	1	9.667019999999999	C	A	ALPK3	stop_gained	NM_020778.4	37.177985095275226	1.0760810292652385	0.7437866881449903	8.4158e-25	0.911	False	1	1	9.1679e-01
15	93616946	709915	0	0	0	0	24.2852	A	G	RGMA	splice_donor_variant	ENST00000557301	11.635030746324327	0.2838409566743696	0.19258399099788204	0.16472	0.616	True	0.82242	0.66	0.0000e+00
15	99671617	725640	0	0	1	1	41.5698	G	T	SYNM	stop_gained	ENST00000328642	33.94479721165832	1.0130416727917144	0.4414420240743933	2.7086e-19	1	True	0.98915	1	3.0753e-01
16	1825982	778106	1	1	1	1	6.741169999999999	C	T	EME2	stop_gained&NMD_transcript_variant	ENST00000561903	8.167501973560846	0.49836386919051423	0.23471311753160157	5.8844e-23	1	True	0.85472	0.709	6.7893e-02
16	1841461	803146	1	1	1	1	1.05616	G	A	IGFALS	stop_gained	ENST00000215539	24.535029642008897	1.0821285985643918	0.6275251906284441	5.4379e-11	1	True	0.85472	0.889	9.4457e-01
16	8941848	885915	1	1	1	1	0.324459	C	G	RP11-152P23.2	splice_acceptor_variant&non_coding_transcript_variant	ENST00000567942	NA	NA	NA	0	1	True	1	1	NaN
16	20471508	208931	1	0	1	1	1.19573	C	G	ACSM2A	stop_gained	ENST00000219054	NA	NA	NA	0.0011921	1	True	1	1	7.9810e-01
16	31474091	782962	1	0	1	1	2.26945	A	G	ARMC5	splice_acceptor_variant	ENST00000412665	48.53861191915862	1.1383010595670133	0.6936932189186011	0.9803	0.302	True	0.80261	0.491	3.8988e-01
16	47495300	530957	1	1	1	1	6.722060000000001	G	A	PHKB	stop_gained	ENST00000299167	26.1139045672	0.7064417302094129	0.4169503789324243	1.7211e-21	0.834	True	0.68978	0.457	3.5337e-01
16	48174765	773580	1	1	1	1	0.12573499999999999	C	A	ABCC12	stop_gained	ENST00000311303	26.91377809946782	0.880955299703944	0.5145702851717958	1.6787e-29	1	True	0.94483	1	6.9921e-01
16	71264561	402960	0	0	1	1	0.49645600000000006	A	G	HYDIN	splice_donor_variant	ENST00000288168	17.460804817925926	0.48153388927807483	0.33755159009643765	0.00026896	0.599	True	0.94434	0.504	3.9263e-04
16	77756501	769905	1	1	1	1	3.7426	G	T	NUDT7	stop_gained	NM_001105663.2	34.814846796941175	1.211608509358366	1.0	0.40085	1	False	1	1	8.3413e-01
16	84208335	163084	0	1	1	1	2.79419	G	T	DNAAF1	splice_donor_variant&non_coding_transcript_variant	ENST00000570298	NA	NA	NA	8.4672e-12	1	True	0.97431	0.932	NaN
16	84495318	789227	1	1	1	1	2.8607299999999998	A	C	ATP2C2	splice_acceptor_variant	ENST00000262429	6.475784287	0.3725517307164138	0.11362744344965202	5.0246e-60	1	True	1	1	2.9776e-01
17	3419764	890513	0	0	1	1	2.26618	G	A	TRPV3	stop_gained	ENST00000301365	41.660545465508925	1.2055789911909305	0.5128374714023197	4.6013e-20	1	True	0.95041	0.77	1.7052e-02
17	3422077	322760	0	0	0	1	2.26618	G	A	TRPV3	stop_gained&NMD_transcript_variant	ENST00000577016	42.92358930916423	1.2421291396791332	0.5283854245991091	0	1	True	0.95041	0.77	1.7052e-02
17	3445814	892347	0	0	1	1	2.26618	A	G	TRPV3	splice_donor_variant	ENST00000301365	33.528825023363645	0.9702620692028469	0.412736742928831	4.6013e-20	1	False	1	1	1.7052e-02
17	4442931	715079	1	1	1	1	9.78765	G	A	MYBBP1A	stop_gained	ENST00000381556	14.255429492488082	0.6908528223426587	0.3782151089904993	3.5249e-39	1	True	1	0.8	3.6644e-01
17	6544421	774345	0	0	1	1	25.1028	G	A	TXNDC17	splice_donor_variant&non_coding_transcript_variant	ENST00000576020	21.045439068536233	0.557626169282056	0.44181937146786643	0	1	True	0.41821	1	4.3797e-01
17	10309711	720534	1	1	1	1	0.41184	G	GT	MYH8	stop_gained&frameshift_variant	ENST00000403437	37.187580488398375	1.023843911298764	0.49524766299998846	NA	NA	NA	NA	NA	1.0000e+00
17	14005439	137003	0	0	0	0	6.06851	G	A	COX10	stop_gained&NMD_transcript_variant	ENST00000580561	23.459330306749997	0.7170743672268569	0.38694790243116767	0	1	True	0.93525	0.611	8.4467e-01
17	18004862	714857	0	0	0	1	14.3419	C	T	DRG2	stop_gained&NMD_transcript_variant	ENST00000580055	35.509685920978946	0.8714829153135865	0.3724119942695052	0	1	True	0.61464	0.874	6.6830e-01
17	19578873	322219	0	0	1	1	14.9512	A	T	ALDH3A2	splice_acceptor_variant&NMD_transcript_variant	ENST00000582991	34.35298572509092	0.853497190289587	0.4954276247127189	0.23123	0.808	True	0.92693	1	4.5226e-01
17	29508805	41676	1	1	1	1	3.23904	T	G	NF1	splice_donor_variant	ENST00000356175	71.21597943762667	1.1348134079867938	0.7300328688835244	0.96519	0.285	False	1	1	7.6077e-01
17	33269927	778127	1	1	1	1	2.45919	T	C	CCT6B	splice_acceptor_variant	ENST00000314144	41.47347908232727	1.1780557877870408	0.7711837623997346	8.6645e-06	1	True	1	1	6.7108e-01
17	33880197	732258	1	1	1	1	0.0752905	G	A	SLFN14	stop_gained	ENST00000415846	34.96537860052663	1.0207638689057588	0.6642682823330782	3.5128e-09	0.918	True	1	1	1.0000e+00
17	33903201	92775	1	1	1	1	3.45856	CTG	C	PEX12	splice_acceptor_variant&intron_variant	ENST00000225873	35.21113434129765	0.9370941668109315	0.8649079711741291	NA	NA	NA	NA	NA	9.8923e-01
17	34171710	717960	0	0	0	1	50.9481	CGGCTATGGAGGAGACCGAGGAGGT	C	TAF15	splice_donor_variant&coding_sequence_variant	ENST00000585577	NA	NA	NA	NA	NA	NA	NA	NA	7.0775e-01
17	37034365	728929	0	0	0	0	35.2115	C	T	LASP1	stop_gained	NM_001271608.1	NA	NA	NA	0.9285	0.37	True	0.54423	0.278	9.6532e-01
17	40270029	775163	1	1	1	1	42.9384	ACTGAAGCTGAGGAGAGAGAGAGACGTCAGGGATGGGGGG	A	KAT2A	splice_acceptor_variant&3_prime_UTR_variant&intron_variant&NMD_transcript_variant	ENST00000465682	28.633912379145446	0.4658819137717208	0.34137480049043545	NA	NA	NA	NA	NA	1.9959e-01
17	41247941	37686	0	0	1	1	1.3010899999999999	T	G	BRCA1	splice_acceptor_variant	ENST00000346315	60.31479938788158	1.6203270582483245	0.9455885537643736	2.3281e-08	0.915	True	0.77421	0.964	9.8082e-02
17	47246247	787460	1	1	1	1	0.226805	C	T	B4GALNT2	stop_gained	ENST00000300404	31.63522229865752	0.851359934630426	0.5167043211853954	8.7817e-17	1	True	1	1	1.0000e+00
17	56272501	777716	1	1	1	1	0.254727	C	A	EPX	stop_gained	ENST00000225371	20.265625337883495	0.6768908250325057	0.5320237038367363	2.2664e-20	1	False	1	1	1.0000e+00
17	60469326	787599	1	1	1	1	0.106232	C	T	EFCAB3	stop_gained&splice_region_variant	ENST00000305286	38.68394694633566	0.9734491070415009	0.4040587365598934	0.00075433	1	False	1	1	1.0000e+00
17	60472551	789844	1	1	1	1	0.106232	T	C	EFCAB3	splice_donor_variant	ENST00000305286	38.420333889158336	0.9668155053702512	0.4013052647135091	0.00075433	1	True	0.8545	1	1.0000e+00
17	66872845	769926	1	1	1	1	14.3813	C	G	ABCA8	splice_acceptor_variant	ENST00000269080	19.532403718413335	0.5442858236746464	0.26816707736922796	1.609e-52	1	True	1	1	5.4768e-01
17	75483633	325553	0	0	0	0	46.6139	C	T	SEPT9	stop_gained&splice_region_variant&NMD_transcript_variant	ENST00000588575	58.5564567147422	1.4107757627796844	0.5966110287937315	0.99882	0.198	True	0.60582	0.762	8.6877e-01
17	78164674	458083	0	0	1	1	1.39494	C	T	CARD14	stop_gained&NMD_transcript_variant	ENST00000575500	37.928671457544006	1.0586573678500835	0.4947990242668668	0	1	True	0.89973	0.992	6.0486e-01
17	78165202	458084	0	0	1	1	1.39494	C	T	CARD14	stop_gained&NMD_transcript_variant	ENST00000575500	32.02551057242953	0.8938895411776876	0.41778925477587625	0	1	True	0.89973	0.992	6.0486e-01
17	78325483	716234	0	0	1	1	15.5012	A	G	RNF213	splice_acceptor_variant	ENST00000336301	47.12552717304238	1.2881042626862402	0.7649734054018023	3.8364e-38	0.654	True	1	1	1.3022e-01
17	80544054	722678	1	1	1	1	12.3319	TGGAGACCACAGGGAAGTCAAAGGTAGGCGGAGGGGAAAGGAGGAGAGGGGAGACCACAGGGAGGTGAAAGGTGGGCCGGGGGGGGAAAGGAGGAGAGG	T	FOXK2	splice_donor_variant&coding_sequence_variant&intron_variant	ENST00000335255	15.872302334135135	0.4028640068203654	0.18108783401515255	NA	NA	NA	NA	NA	8.1016e-01
18	28934274	773598	0	0	1	1	0.387866	C	T	RP11-534N16.1	splice_donor_variant&non_coding_transcript_variant	ENST00000578477	27.209560776994216	0.7478354399620345	0.49874729337153934	0	1	True	1	0.331	1.0000e+00
19	1531736	720592	1	1	1	1	1.5214299999999998	G	A	PLK5	splice_acceptor_variant	ENST00000334770	33.95666438861607	1.5926147323205622	1.0	9.1971e-05	1	True	1	1	9.9191e-01
19	1627422	810990	0	0	1	1	5.563219999999999	T	C	TCF3	splice_acceptor_variant	ENST00000453954	13.008702826064518	0.361822695702957	0.19416164513545733	0.0011311	0.617	True	1	0.498	5.2440e-01
19	1795984	708843	0	0	1	1	0.876085	G	A	ATP8B3	stop_gained&splice_region_variant	ENST00000310127	30.525705346553572	0.8498591925343081	0.5056281045026522	1.4666e-26	1	True	0.91316	1	9.3070e-02
19	3789321	768956	0	0	1	1	2.68833	G	A	MATK	stop_gained	NM_002378.3	32.466078204891886	0.7309913628553404	0.36502609998194735	0.099796	0.765	True	0.69869	0.723	2.9132e-02
19	6494746	330253	1	1	1	1	10.5409	G	A	CTD-2396E7.10	splice_acceptor_variant&non_coding_transcript_variant	ENST00000596027	NA	NA	NA	0	1	True	0.21727	0.533	NaN
19	11230809	237868	0	0	0	0	14.5797	C	T	LDLR	stop_gained&NMD_transcript_variant	ENST00000559340	34.56206062506098	1.1321471648570005	0.6676184705194036	0	1	True	0.95064	1	5.8651e-01
19	17337802	717086	1	0	1	1	3.5995199999999996	G	A	OCEL1	splice_acceptor_variant	ENST00000215061	31.6479883721872	1.1394921459916998	0.7232749884060132	0.061961	1	True	0.61503	0.638	4.8902e-01
19	17337802	777294	1	0	1	1	3.5995199999999996	G	C	OCEL1	splice_acceptor_variant	ENST00000215061	31.6479883721872	1.1394921459916998	0.7232749884060132	0.061961	1	True	0.61503	0.638	4.8902e-01
19	18197744	402972	0	0	1	1	0.746831	T	A	IL12RB1	splice_acceptor_variant	NM_001290024.1	NA	NA	NA	0.039345	0.91	True	0.9662	0.91	NaN
19	38897548	734946	1	1	1	1	10.9183	A	C	FAM98C	splice_acceptor_variant	ENST00000252530	18.921989328806067	0.6351222535344524	0.3576747963796467	0.00014823	1	True	0.70295	0.459	6.9899e-01
19	39915876	771776	0	0	1	1	5.00166	A	G	PLEKHG2	splice_acceptor_variant	ENST00000378550	31.966682166418344	0.8081121621885948	0.4127862454997368	0.09773	0.589	True	0.92033	0.586	5.8490e-01
19	41211076	516934	0	0	0	1	6.9903	G	T	ADCK4	stop_gained&NMD_transcript_variant	ENST00000599643	39.52441957549412	1.0869967214868552	0.7023191083499073	2.498e-05	1	True	0.82556	1	6.3887e-01
19	42730140	130835	1	1	1	1	2.83287	C	T	ZNF526	stop_gained	ENST00000301215	NA	NA	NA	0.52316	0.471	True	0.42118	0.128	9.9910e-01
19	44056400	708626	0	0	0	1	12.1927	G	A	XRCC1	stop_gained&NMD_transcript_variant	ENST00000597811	20.447986698275013	0.5561955005191884	0.22324654178016606	0	1	True	0.78587	0.498	8.3723e-01
19	44273982	790207	1	1	1	1	4.59426	C	CT	KCNN4	splice_acceptor_variant	ENST00000262888	NA	NA	NA	NA	NA	NA	NA	NA	6.4289e-01
19	46271371	594586	0	0	1	1	7.64575	C	T	SIX5	splice_acceptor_variant	ENST00000560168	56.89870188015715	1.5813135661609028	1.0	0.60895	0.994	True	0.78726	0.395	8.4284e-01
19	46273462	810823						CCAGCAGCAGCAGCAGCAGCAGCAGCAGCAGCAGCAGCAGCAGCAGCAGCAGCAGCAG	C	DMPK	splice_acceptor_variant&non_coding_transcript_exon_variant&intron_variant	XR_243908.1	NA	NA	NA	NA	NA	NA	NA	NA	NaN
19	48198619	402903	1	1	1	1	4.282019999999999	CAGG	C	GLTSCR1	splice_acceptor_variant&coding_sequence_variant	ENST00000396720	NA	NA	NA	NA	NA	NA	NA	NA	4.9230e-01
19	49207095	715544	1	1	1	1	1.8711799999999998	G	A	FUT2	stop_gained	ENST00000425340	22.997234647134203	1.0	1.0	3.0526e-13	1	True	1	1	6.4833e-01
19	49513299	781514	0	0	1	1	19.7203	C	T	RUVBL2	stop_gained&NMD_transcript_variant	ENST00000221413	33.48254392331183	0.6739159656931631	0.4486599453864098	0	1	True	0.5245	0.111	1.7165e-01
19	51359565	778603	0	0	0	0	41.8196	A	T	KLK3	splice_acceptor_variant	ENST00000601503	35.55836353421021	1.1411732798427887	0.822880760576394	0.0015781	1	True	1	1	4.0322e-01
19	53116933	769463	0	0	1	1	23.3687	GCCACACTCATTACATTTGTAAGGTTTCTCTCCAGTGTGGATTCTCTGATGTTGTGCAAGGTGTGAAATATGATGGAAGACCTTT	G	ZNF83	splice_donor_variant&coding_sequence_variant&intron_variant	ENST00000391789	NA	NA	NA	NA	NA	NA	NA	NA	5.7477e-01
20	3562780	722236	1	1	1	1	6.83995	A	C	ATRN	splice_acceptor_variant	ENST00000262919	64.24288770794978	1.2436341094327559	0.6801085146590228	1.0	0.185	False	1	1	1.0000e+00
20	17970618	708005	0	0	1	1	5.35884	G	A	MGME1	stop_gained	ENST00000377704	21.434532436952715	0.7467751343501517	0.5609521353111435	0.00058081	1	True	1	0.84	8.6843e-01
20	25281333	337987	0	0	0	0	32.1223	G	A	ABHD12	splice_donor_variant&NMD_transcript_variant	ENST00000465694	NA	NA	NA	0	1	True	0.94138	0.763	NaN
20	35521264	338337	1	1	1	1	5.186730000000001	G	T	TLDC2	splice_acceptor_variant	ENST00000436941	85.395005013	3.108535937203524	1.0	0.43968	0.826	True	0.76666	0.903	9.5683e-01
20	61588315	709518	1	0	1	1	2.8060400000000003	G	T	SLC17A9	splice_donor_variant	ENST00000370349	28.63633405013403	0.7473179180109639	0.42191060369660605	1.0528e-07	1	True	1	1	2.1159e-01
20	61588316	709519	1	0	1	1	2.8060400000000003	T	C	SLC17A9	splice_donor_variant	ENST00000370349	28.63633405013403	0.7473179180109639	0.42191060369660605	1.0528e-07	1	True	1	1	2.1159e-01
20	62044935	21766	1	0	1	1	1.74899	C	A	KCNQ2	splice_acceptor_variant	ENST00000344462	77.89840353079389	1.2630415925140408	0.7881761932931777	0.99999	0.155	False	1	1	2.7994e-01
20	62065161	21758	1	0	1	1	1.74899	C	T	KCNQ2	splice_donor_variant	ENST00000344462	65.8435706171064	1.0675850148349404	0.6662053712218428	0.99999	0.155	True	0.29531	0.403	6.9821e-01
20	62309611	734142	0	0	1	1	4.9566099999999995	C	T	RTEL1-TNFRSF6B	stop_gained&NMD_transcript_variant	ENST00000492259	NA	NA	NA	0	1	True	0.88949	0.518	NaN
21	44483171	166800	1	1	1	1	8.4097	G	GGGTTCCACCTCGTAGGTTGTCTGCTCCGTCTGGTTCAGCTCCTCCGGCTCTGCGAGGATGGACCCTTC	CBS	stop_gained&frameshift_variant	ENST00000352178	27.97253835608	0.7736858459619861	0.35161402782940043	NA	NA	NA	NA	NA	6.1771e-01
21	44483172	212823	1	1	1	1	8.4097	G	GGATCCACCCCAATGATCTGCAGAGGGCGCGGCTTCAGGGCTCAAGCCCAGCAAAAGCCCCACCTGGAT	CBS	stop_gained&frameshift_variant	ENST00000352178	27.97253835608	0.7736858459619861	0.35161402782940043	NA	NA	NA	NA	NA	6.1771e-01
21	44483184	236938	1	1	1	1	8.4097	A	ATGATCTGCAGAGGGCGCGGCTTCAGGGCTCAAGCCCAGCAAAAGCCCCACCTGGGTGATCCACCCCAG	CBS	stop_gained&frameshift_variant	ENST00000352178	27.97253835608	0.7736858459619861	0.35161402782940043	NA	NA	NA	NA	NA	6.1771e-01
21	45826543	737864	0	0	1	1	1.78174	C	T	TRPM2	stop_gained	ENST00000300481	19.49527199667836	0.6062625939231808	0.3035612339936049	2.6558e-43	1	True	1	1	1.3143e-01
21	46328099	803634	0	0	1	1	12.4633	T	C	ITGB2	splice_acceptor_variant&non_coding_transcript_variant	ENST00000479849	45.00849985627274	1.1925219526262862	0.7258244098637714	0.0042983	1	True	0.88985	0.954	2.2172e-03
21	47754472	811613	0	0	1	1	7.68275	T	TTGGGATGTTCACAGTCAGTGACCACCCACCAGAACAGCA	PCNT	stop_gained&inframe_insertion	ENST00000359568	21.1156939438595	0.6851733519347768	0.2970066240102488	NA	NA	NA	NA	NA	2.7857e-01
22	18912677	459918	1	1	1	1	11.378	C	T	PRODH	stop_gained	ENST00000334029	18.220348209986575	0.9518787270146707	0.7888442521943716	0.00047182	1	True	1	1	4.6603e-01
22	24108394	473425	1	1	1	1	144.47899999999998	C	T	CHCHD10	stop_gained	ENST00000520222	61.96082729323612	1.1544686353243332	0.9626058631563676	0.0031772	1	True	0.71392	1	8.8910e-01
22	24108412	379953	0	0	1	1	144.47899999999998	G	A	CHCHD10	stop_gained&NMD_transcript_variant	ENST00000517886	61.96082729323612	1.1544686353243332	0.9626058631563676	0	1	True	0.71392	1	8.8910e-01
22	27019197	217347	1	0	1	1	0.0595054	G	C	CRYBA4	splice_acceptor_variant	ENST00000354760	27.467319677711856	0.965561880410807	0.5451699776533117	3.4999e-09	1	True	1	1	1.1446e-01
22	37465385	262724	1	1	1	1	1.13204	CTGGGG	C	TMPRSS6	splice_acceptor_variant&intron_variant	ENST00000346753	37.13277508716605	1.0393058054979405	0.4479119537647447	NA	NA	NA	NA	NA	9.8458e-01
22	46759084	777752	0	0	1	1	4.13065	CCTGATGGTTCAAATTGAAGTTTCATTA	C	CELSR1	splice_acceptor_variant&intron_variant	ENST00000262738	7.756764603000001	0.21973386221509952	0.13985437266592401	NA	NA	NA	NA	NA	3.9996e-01
22	47022814	731480	0	0	0	0	9.93095	G	T	GRAMD4	splice_donor_variant&non_coding_transcript_variant	ENST00000490378	25.151230183863344	0.5159205791186442	0.29296450824082426	0	1	True	0.63638	0.162	7.6376e-01
22	50315936	770820	0	0	1	1	23.5692	CCTCAGCAGTCAGGACCGGCCTCTCCGATTCTTACCCG	C	CRELD2	splice_acceptor_variant&coding_sequence_variant&intron_variant	ENST00000404488	NA	NA	NA	NA	NA	NA	NA	NA	NaN
X	41383289	29938	1	0	1	1	2.57943	T	A	CASK	splice_acceptor_variant	ENST00000318588	NA	NA	NA	1.0	0.072	True	1	1	8.4597e-01
X	71788730	705138	0	0	0	0	4.440919999999999	C	T	HDAC8	splice_acceptor_variant&NMD_transcript_variant	ENST00000444609	NA	NA	NA	0	1	True	0.21938	0.233	8.8458e-01
X	101092588	721704	1	1	1	1	0.0238641	G	A	NXF5	stop_gained&NMD_transcript_variant	ENST00000263032	NA	NA	NA	3.7443e-14	1	True	1	1	7.4074e-02
X	101576806	770021	1	1	1	1	0.24084499999999998	G	A	NXF2	splice_donor_variant	ENST00000330252	NA	NA	NA	0.44568	0.861	False	1	1	9.3610e-01
X	102979868	785705	1	0	1	1	0.101141	G	A	GLRA4	stop_gained	ENST00000372617	NA	NA	NA	9.3781e-09	1	True	1	1	8.6407e-01
X	152710630	208899	1	1	1	1	1.2350700000000001	G	A	TREX2	stop_gained	ENST00000330912	NA	NA	NA	0.45433	1	True	0.79748	0.22	1.0000e+00
X	153593301	213436	0	0	1	1	616.6619999999999	G	A	FLNA	stop_gained&NMD_transcript_variant	ENST00000420627	NA	NA	NA	0	1	True	0.69814	0.082	8.9622e-02
Y	6932191	719064	1	1	1	1	0.0796526	G	C	TBL1Y	splice_donor_variant	ENST00000346432	NA	NA	NA	4.03e-13	1	False	1	1	1.0000e+00
